,Unnamed: 0,_id,l_ID,r_ID,l_name,l_city,l_zipcode,l_review_count,l_latitude,l_longitude,l_rating,l_address,l_zomato_id,l_yelp_id,r_name,r_city,r_zipcode,r_review_count,r_latitude,r_longitude,r_rating,r_address,r_zomato_id,r_yelp_id,label
23,23660,23660,a133408,b317,Taqueria La Unica,Indian Trail,28079,180,35.0678584,-80.6775771,4.5,4305 Old Monroe Rd,0,57aBx6Mo_VRk_kMA8J5Efg,Taqueria la Unica,Charlotte,28079,345,35.067698,-80.678044,4.5,4305 Old Monroe Road$*$ NC 28079,17149730,0,1
469,313893,313893,a90401,b587,Phoenix Blue Fin,Phoenix,85004,194,33.4640983,-112.073569,4.0,1401 N Central Ave,0,oMBNvB6tHlwW3UwGBYqljw,Phoenix Public Market Cafe,Phoenix,85004,113,33.4555828,-112.0736239,4.0,14 East Pierce Street$*$ Downtown$*$ Phoenix$*$ AZ 85004,17033807,0,0
177,106767,106767,a108650,b524,Chuck E Cheese's Pizza,Phoenix,85044,10,33.3295481,-111.9786084,3.0,4825 E Warner Rd,0,8dSKEPQn0pmZEmWTKZI81Q,Nello's Pizza,Phoenix,85044,404,33.330861,-111.982886,4.3,4710 E Warner Road$*$ Phoenix$*$ AZ 85044,17028076,0,0
17,16636,16636,a63958,b307,Bad Daddy's Burger Bar,Charlotte,28203,386,35.199097,-80.840805,4.0,1626 East Blvd,0,yWUBX9Pe6pzh1PjVj04UmQ,Bad Daddy's,Charlotte,28203,1363,35.199007,-80.8408317,4.6,1626 East Boulevard$*$ Charlotte$*$ NC 28203,17148552,0,1
488,326967,326967,a143170,b509,Grassroots Kitchen & Tap,Phoenix,85016,347,33.50757235,-112.0375021,4.5,2119 E Camelback Rd$*$ Ste A21,0,VSX3ixrqQFwwGBUf15s0EQ,True Food Kitchen,Phoenix,85016,1072,33.509703,-112.027346,4.5,2502 East Camelback Road$*$ Biltmore/Arcadia$*$ Phoenix$*$ AZ 85016,17030372,0,0
84,60064,60064,a65498,b1550,Lucy's,Pittsburgh,15222,38,40.4524729,-79.9815138,4.5,2216 Penn Ave,0,im2J4GZZdEl7s4o21D7rgw,Deluca's,Pittsburgh,15222,1153,40.451356,-79.983915,4.3,2015 Penn Ave$*$ Pittsburgh$*$ PA 15222,17036305,0,0
374,252483,252483,a38726,b1602,Jurassic Grill,Champaign,61820,27,40.1104696,-88.2331177,3.5,404 E Green St,0,mZJdFjxvVddqPN5RZdKSHg,Maize Mexican Grill,Champaign,61820,253,40.110373,-88.238918,4.6,60 E Green St$*$ Champaign$*$ IL 61820,17317935,0,0
236,150249,150249,a50410,b2339,El Loco,Las Vegas,89109,5,36.124423,-115.146372,4.0,2880 Las Vegas Blvd S,0,jT_1GAMMFhgE4buLGsd-2Q,Jol Robuchon,Las Vegas,89109,289,36.10222,-115.169516,4.3,3799 Las Vegas Boulevard S$*$ Las Vegas$*$ NV 89109,16978909,0,0
192,116425,116425,a67014,b2344,Fatburger,Henderson,89014,69,36.070524,-115.0717488,2.5,4663 E Sunset Rd,0,UY9t1EL5PYxPiBGivkeE9Q,In-N-Out Burger,Las Vegas,89014,455,36.063586,-115.034151,4.3,1051 W Sunset Rd$*$ Henderson$*$ NV 89014,16981245,0,0
583,360925,360925,a90918,b1905,La Favorita,Edinburgh,EH6 8SA,105,55.96441894,-3.176801012,4.5,325 Leith Walk,0,8axxI33rUyswfRk_v3vS0A,La Favorita,Edinburgh,EH6 8SA,328,55.96466944,-3.176858333,4.5,325-331 Leith Walk$*$ Leith$*$ Edinburgh EH6 8SA,7600217,0,1
265,173638,173638,a75955,b2390,World's Fare Buffet,Las Vegas,89109,13,36.135387,-115.159248,2.0,Riviera Hotel$*$ 2901 S Las Vegas Blvd,0,Fv3jcRVP8WBEdTR8E4l1hQ,The Wynn Buffet,Las Vegas,89109,707,36.129444,-115.166111,4.1,3131 S Las Vegas Boulevard$*$ Las Vegas$*$ NV 89109,16977686,0,0
205,126503,126503,a3440,b2304,Boardhouse Serious Sandwich,Las Vegas,89109,9,36.1130255,-115.1634847,2.5,4178 Koval Ln,0,Y4nw_rZUPGw-aRdx6kv4kA,Earl of Sandwich,Las Vegas,89109,631,36.11077,-115.17282,4.7,Planet Hollywood$*$ 3667 South Las Vegas Boulevard$*$ The Strip$*$ Las Vegas$*$ NV 89109,16978241,0,0
398,265616,265616,a101006,b1667,Chase Bank,Champaign,61820,3,40.116051,-88.245719,4.5,201 W University Ave,0,zs4G7HIQvUVaZoWqwpVeEw,Cafe Kopi,Champaign,61820,78,40.1166,-88.2427,3.7,109 N Walnut St$*$ Champaign$*$ IL 61820,17317246,0,0
393,262417,262417,a77047,b1668,Cactus Grill,Champaign,61820,45,40.0996476,-88.2447937,4.0,1405 S Neil St$*$ Ste C,0,Z7r_FJXEyfyvVsyv2y7gFQ,Flat Top Grill,Champaign,61820,106,40.1114257,-88.2304292,3.7,607 S 6th St$*$ Champaign$*$ IL 61820,17317303,0,0
143,86789,86789,a108985,b456,Gino's Restaurant,Madison,53703,37,43.075131,-89.394445,3.5,540 State St,0,KAhavksKQwKbMzZHiNOyOQ,Lao Laan-Xang Restaurant,Madison,53703,198,43.0827,-89.3654,4.1,1146 Williamson St$*$ Madison$*$ WI 53703,17502331,0,0
411,275151,275151,a123575,b1519,Park Place Pub,Pittsburgh,15206,28,40.4762432,-79.9209038,3.0,5719 Bryant St,0,yGfmwUKrZG4O2eNXP2JS1g,Park Bruges,Pittsburgh,15206,905,40.476124,-79.920636,4.5,5801 Bryant St$*$ Pittsburgh$*$ PA 15206,17042177,0,0
99,69399,69399,a15112,b468,Jamerica Caribbean Restaurant,Madison,53703,51,43.0841543,-89.3633455,3.5,1236 Williamson St,0,rECtpzeqtOdR5gIWiXoGfQ,Parthenon Gyros Restaurant,Madison,53703,174,43.0749,-89.3904,4.0,316 State St$*$ Madison$*$ WI 53703,17502488,0,0
169,98810,98810,a79634,b437,Nello's Pizza,Stoughton,53589,3,42.9245113,-89.2297253,4.0,135 W Main St,0,papMvgFSTh3hBb8junt7CA,Famous Yeti's Pizza,Madison,53589,162,42.9266576,-89.2225748,4.2,971 N Page St$*$ Stoughton$*$ WI 53589,17503758,0,0
262,172549,172549,a75453,b2359,Wolfgang Puck Bar & Grill,Las Vegas,89109,1282,36.102543,-115.169884,4.0,3799 S Las Vegas Blvd,0,N0apJkxIem2E8irTBRKnHw,Wolfgang Puck Bar & Grill,Las Vegas,89109,336,36.10222,-115.169516,4.2,3799 Las Vegas Boulevard S$*$ Las Vegas$*$ NV 89109,16980959,0,1
509,340557,340557,a114740,b2302,Port of Subs,Las Vegas,89104,10,36.158671,-115.12591,3.0,1730 E Charleston,0,94mQ3aJ2xjP6W-CV1j8cXg,Lotus of Siam,Las Vegas,89104,1141,36.1421289,-115.1423943,4.9,953 E Sahara Ave$*$ Las Vegas$*$ NV 89104,16979203,0,0
267,174320,174320,a76233,b2321,Disney Store,Las Vegas,89109,16,36.1272241,-115.1715512,4.0,3200 Las Vegas Blvd S$*$ Space 1845,0,aykJmEbscH3WngIhjxZoWw,Wicked Spoon,Las Vegas,89109,670,36.108303,-115.173302,4.4,3708 Las Vegas Boulevard South$*$ Las Vegas$*$ NV 89109,16982135,0,0
342,237346,237346,a50905,b1509,Fiori's Pizzaria,Pittsburgh,15226,201,40.405245,-80.018538,4.5,103 Capital Ave,0,Iam7tYWhssw_rscSBkeRIQ,Fiori's Pizzaria,Pittsburgh,15226,1388,40.405224,-80.018518,4.6,103 Capital Avenue$*$ Pittsburgh$*$ PA 15226,17036421,0,1
566,359942,359942,a78542,b1987,Dovecot Cafe by Stag Espresso,Edinburgh,EH1 1LT,21,55.9485465,-3.1851372,4.5,10 Infirmary St,0,#NAME?,Dovecot Cafe by Stag Espresso,Edinburgh,EH1 1LT,53,55.948563,-3.185094,3.9,Dovecot Studios$*$ 10 Infirmary Street$*$ Old Town$*$ Edinburgh EH1 1LT,7602220,0,1
63,46672,46672,a57165,b419,Pizza Hut,Madison,53711,4,43.0144173,-89.4274219,2.0,2935 S Fish Hatchery Rd Ste 1,0,_xcDTH9G4LDqADfpmok6SQ,Pizza Brutta,Madison,53711,297,43.065207,-89.416452,4.3,1805 Monroe St$*$ Madison$*$ WI 53711,17503392,0,0
499,333069,333069,a13976,b463,Manna Cafe & Bakery,Madison,53704,149,43.107431,-89.3636588,4.0,611 N Sherman Ave,0,ILa-Xv5-h23A9OMrYK17oQ,Daisy Cafe and Cupcakery,Madison,53704,269,43.093736,-89.343105,4.0,2827 Atwood Dr.$*$ Madison$*$ WI 53704,17503408,0,0
582,360912,360912,a69386,b1953,Panda & Sons,Edinburgh,EH2 4NF,52,55.95326529,-3.207094156,4.5,79 Queen Street,0,XpjKxXuY1c2j8q-2h0L9oQ,Panda & Sons,Edinburgh,EH2 4NF,28,55.953725,-3.205401,4.0,79 Queen Street$*$ New Town$*$ Edinburgh EH2 4NF,7601637,0,1
593,361085,361085,a91557,b1957,First Coast,Edinburgh,EH11 2AB,28,55.9435343,-3.2193242,4.0,97-101 Dalry Road,0,aHYIubjRbTLB3o_eXkrMXA,First Coast,Edinburgh,EH11 2AB,108,55.94351111,-3.219461111,4.0,97-101 Dalry Road$*$ Dalry$*$ Edinburgh EH11 2AB,7600203,0,1
513,342463,342463,a133832,b1508,La Gourmandine Bakery & Pastry Shop,Pittsburgh,15201,303,40.47313,-79.958894,4.5,4605 Butler St,0,oS96aJIHFWcFAlGHKKXjaw,La Gourmandine,Pittsburgh,15201,758,40.473013,-79.958854,4.7,4605 Butler St$*$ Pittsburgh$*$ PA 15201,17041840,0,1
480,320203,320203,a71706,b564,Phoenix Bed Bug Expert,Phoenix,85016,23,33.4818932,-112.0306303,5.0,2942 N 24th St$*$ Ste 114-B,0,BIaiy9t4NyEop9lr6hMu4A,Phoenix City Grille,Phoenix,85016,224,33.52253,-112.047664,4.1,5816 North 16th Street$*$ Midtown$*$ Phoenix$*$ AZ 85016,17028525,0,0
199,121887,121887,a12606,b502,San Gabriel Mexican Caf,Phoenix,85020,10,33.538927,-112.048079,3.0,7000 N 16th St$*$ Ste 140,0,Kl4jN1WUFX67JRE40QVrcg,Via De Los Santos Mexican Cafe,Phoenix,85020,596,33.568964,-112.074064,4.5,9120 North Central Avenue$*$ Sunnyslope/North Mountain$*$ Phoenix$*$ AZ 85020,17029872,0,0
159,91646,91646,a140420,b3580,Moxie Salon,Westlake,44145,6,41.457282,-81.898707,5.0,25060 Ctr Ridge Rd,0,7BIMKg5DAVi_vHNBd7pmiA,Moosehead Saloon,Cleveland,44145,362,41.476831,-81.921328,4.2,694 Dover Center Rd$*$ Westlake$*$ OH 44145,16961797,0,0
577,360696,360696,a23153,b1640,Sol Azteca,Rantoul,61866,13,40.30603823,-88.15571626,3.5,405 S Century Blvd,0,PSxi7pis1yJpFfM-grdNXA,Sol Azteca,Champaign,61866,85,40.3059,-88.1556,3.9,405 S Century Blvd$*$ Rantoul$*$ IL 61866,17317598,0,1
364,247552,247552,a30465,b1631,Antonio's Pizza,Champaign,61820,76,40.1100646,-88.2296092,4.0,619 E Green St,0,BoTQepQTjGbTXA4g4Hj-WA,Amano's Pizza,Champaign,61820,109,40.0995658,-88.2443819,4.0,1407 South Neil Street$*$ Champaign$*$ IL 61820,17318036,0,0
125,78172,78172,a43108,b447,Vientiane Palace Restaurant,Madison,53703,86,43.0754787,-89.3904163,3.5,151 W Gorham St,0,dfHA5n6e3f58nMCNHt589Q,Bandung Indonesian Restaurant,Madison,53703,262,43.0763,-89.3756,4.1,600 Williamson St$*$ Madison$*$ WI 53703,17501972,0,0
257,169512,169512,a74489,b2394,The Rockhouse,Las Vegas,89109,115,36.1182919,-115.170409,3.5,3535 S Las Vegas Blvd,0,7YssNqJaJCMnIyabbqjDXQ,Delmonico Steakhouse,Las Vegas,89109,714,36.121,-115.1702,4.1,3355 Las Vegas Boulevard S$*$ Las Vegas$*$ NV 89109,16978142,0,0
538,354731,354731,a116029,b1557,Grande Italian Restaurant,Canonsburg,15317,16,40.26187609,-80.13350226,3.0,4205 Washington Rd,0,ptkUSiYeU9O-jVdxnpLxIA,Los Chiludos Mexican Restaurant,Pittsburgh,15317,862,40.287381,-80.17261,4.3,325 Southpointe Blvd Ste 300$*$ Canonsburg$*$ PA 15317,17037948,0,0
86,62068,62068,a97323,b1597,Nathan's Famous,Pittsburgh,15222,5,40.439226,-80.0017249,3.0,305 Wood St,0,lzjnPNA1ALVpWCo_ygRatw,Edgar's Tacos,Pittsburgh,15222,335,40.4514733,-79.9834212,4.1,2023 Penn Ave$*$ Pittsburgh$*$ PA 15222,17041732,0,0
167,96455,96455,a14256,b2345,Sushi Loca,Las Vegas,89149,340,36.2725325,-115.2667252,3.5,6181 Centennial Center Blvd,0,HfuIfYB_CxMAAJiEnxDl9w,Sushi Loca,Las Vegas,89149,558,36.2724,-115.2655,4.3,6181 Centennial Center Bl$*$ Las Vegas$*$ NV 89149,16981092,0,1
146,88449,88449,a125097,b401,Barolo Wine Bar,Madison,53703,17,43.08107652,-89.37392052,4.0,829 E Washington Ave,0,NUTVC8LoicZmcsO10Jmolg,Ha Long Bay,Madison,53703,1028,43.085073,-89.361469,4.9,1353 Williamson St.$*$ Madison$*$ WI 53703,17503434,0,0
474,315916,315916,a130263,b505,Matt's Big Breakfast,Phoenix,85004,1264,33.45744815,-112.0722953,4.0,825 N 1st St,0,L2p0vO3fsS2LC6hhQo3CzA,Matt's Big Breakfast,Phoenix,85004,1381,33.4576585,-112.0723168,4.6,116 East Garfield Street$*$ Downtown$*$ Phoenix$*$ AZ 85004,17027827,0,1
105,72746,72746,a30446,b412,Ian's Pizza,Madison,53703,324,43.07489166,-89.38695031,4.0,100 State St,0,aVBFKYoF0AHuusNssaQpJA,Ian's Pizza by the Slice,Madison,53703,633,43.0725,-89.3956,4.4,319 N Frances St$*$ Madison$*$ WI 53703,17502267,0,0
436,291181,291181,a82858,b3546,Fantasy Nails,Cleveland,44113,15,41.4836515,-81.7033137,3.5,2030 W 25th St,0,R1woaXSdGyybFMYCZ0uMYQ,Fat Cats,Cleveland,44113,498,41.4838,-81.687516,4.3,2061 W 10th St$*$ Cleveland$*$ OH 44113,16960439,0,0
66,49377,49377,a98037,b1510,Spice Island Tea House,Pittsburgh,15213,259,40.4400334,-79.9559915,4.0,253 Atwood St,0,Fpm3WvqtrAg2ueh_4pz7iA,Spice Island Tea House,Pittsburgh,15213,1109,40.440271,-79.956363,4.6,253 Atwood St$*$ Pittsburgh$*$ PA 15213,17037440,0,1
487,326865,326865,a142926,b588,Hot Rod Grill,Phoenix,85016,4,33.5016589,-112.04725,4.5,4433 N 16th St,0,#NAME?,TexAz Grill,Phoenix,85016,228,33.524011,-112.046982,4.0,6003 North 16th Street$*$ Phoenix$*$ AZ 85016,17029676,0,0
22,23288,23288,a140535,b2362,Royal Vision,Las Vegas,89103,5,36.1151927,-115.2320254,3.5,6370 W Flamingo Rd$*$ Ste 8,0,C8vZ5O-typOqH7pVYrgLBw,Nora's Cuisine,Las Vegas,89103,548,36.114777,-115.223348,4.2,6020 W Flamingo Road$*$ Las Vegas$*$ NV 89103,16979551,0,0
338,236577,236577,a4655,b350,500 Degrees New York Style Pizzeria,Charlotte,28217,103,35.1533683,-80.8752317,4.5,6037 South Blvd,0,Yc5_nA9NqqxOp8WCugF-Ng,500 Degrees Pizzeria,Charlotte,28217,267,35.15383,-80.876123,4.3,6037 South Boulevard$*$ NC 28217,17149772,0,1
145,88211,88211,a123839,b477,Forequarter,Madison,53703,204,43.0822686,-89.3796148,4.0,708 E Johnson,0,hOxNKZJ8wWg8Q165U7CCqg,Forequarter,Madison,53703,157,43.0822485,-89.3796342,4.0,708 1/4 E Johnson St$*$ Madison$*$ WI 53703,17503797,0,1
4,5337,5337,a104781,b326,Huntersville Family Restaurant,Huntersville,28078,28,35.41404,-80.85258,4.0,105 North Statesville Rd$*$ Ste J,0,Cm7PADnhAzW5R2fQPuelEQ,La Unica Mexican Restaurant,Charlotte,28078,471,35.436652,-80.870662,4.4,16203 Northcross Drive$*$ Huntersville$*$ Charlotte$*$ NC 28078,17149565,0,0
470,314599,314599,a101313,b575,McDonald's,Phoenix,85004,7,33.4297449,-112.065708,2.5,1850 S 7th St,0,1Ds8V2c7LlwSAA3O-9f4cA,Durant's,Phoenix,85004,591,33.476819,-112.073634,4.0,2611 North Central Avenue$*$ Midtown$*$ Phoenix$*$ AZ 85004,17026289,0,0
444,296387,296387,a53259,b303,Soul Central,Charlotte,28205,43,35.21860793,-80.79503786,4.5,2903 Central Ave,0,1j-DEipQoZHlj2UYSaoGWQ,Soul Gastrolounge,Charlotte,28205,787,35.22029,-80.813307,4.8,1500-B Central Avenue$*$ Charlotte$*$ NC 28205,17149680,0,0
188,113039,113039,a9123,b559,America's Taco Shop,Phoenix,85006,379,33.470887,-112.064765,3.5,2041 N 7th St,0,WOz66UuVsfc2K9GxzfDnGg,America's Taco Shop,Phoenix,85006,270,33.470124,-112.064945,4.1,2041 North 7th Street$*$ Phoenix$*$ AZ 85006,17030463,0,1
484,322934,322934,a114306,b501,The Madison Deli,Phoenix,85016,3,33.51570196,-112.0469015,5.0,5343 N 16th St,0,G09gS1axuc2eqbqqwTMaLw,The Parlor Pizzeria,Phoenix,85016,734,33.509371,-112.040769,4.9,1916 East Camelback Road$*$ AZ 85016,17030960,0,0
191,115149,115149,a7792,b2344,In-N-Out Burger,Henderson,89014,150,36.0633628,-115.0339166,4.0,1051 W Sunset Rd,0,kxYiZnd7Y-3ibdwnMFuTzw,In-N-Out Burger,Las Vegas,89014,455,36.063586,-115.034151,4.3,1051 W Sunset Rd$*$ Henderson$*$ NV 89014,16981245,0,1
517,343852,343852,a48955,b433,Greenbush Bakery,Madison,53715,167,43.0674367,-89.4076996,4.5,1305 Regent St,0,g-kRq6VKB5ld00OOpJvaTg,Greenbush Bar,Madison,53715,268,43.0678,-89.4013,4.2,914 Regent St$*$ Madison$*$ WI 53715,17502239,0,0
129,81297,81297,a64806,b418,Domino's Pizza,Madison,53703,16,43.0735746,-89.3929228,2.5,409 W Gorham St,0,JexI9opGP2n_Xv6IKnN0Bg,Ian's Pizza,Madison,53703,515,43.0747352,-89.3862121,4.3,100 State St$*$ Madison$*$ WI 53703,17502268,0,0
307,213500,213500,a128521,b2361,Center Cut Steakhouse,Las Vegas,89109,157,36.11643684,-115.1721598,3.0,Flamingo Las Vegas Hotel & Casino$*$ 3555 Las Vegas Boulevard South,0,yEyA7uILKG97qnyx3K2WAg,SW Steakhouse,Las Vegas,89109,314,36.129444,-115.166111,4.2,3131 S Las Vegas Blvd$*$ Las Vegas$*$ NV 89109,16980119,0,0
5,5581,5581,a108673,b378,Mama's Pizza Express,Huntersville,28078,46,35.4045977,-80.8413535,4.0,500 S Old Statesville Rd,0,mULK9fWh8kU4_vQYkd9ntA,Tony's Pizza,Charlotte,28078,237,35.357386,-80.868146,4.2,9548 Mount Holly-Huntersville Road$*$ Charlotte$*$ NC 28078,17148387,0,0
130,82163,82163,a70829,b444,The Robin Room,Madison,53703,19,43.0836078,-89.3771076,4.5,821 E Johnson St,0,i_r5yf-WrVJbMZWyOTv6UQ,The Roman Candle,Madison,53703,303,43.0815,-89.3671,4.1,1054 Williamson St Ste A$*$ Madison$*$ WI 53703,17502578,0,0
514,343020,343020,a77883,b2355,Purple Penguin Snowcone Shack,Henderson,89012,103,36.0194179,-115.0530027,4.0,1500 W Horizon Ridge Pkwy,0,SGyQqYXVq2Rck8ipEmJKmg,Purple Penguin Snowcone Shack,Las Vegas,89012,204,36.01939,-115.05257,4.3,1500 W Horizon Ridge$*$ Henderson$*$ NV 89012,16981960,0,1
239,155128,155128,a56187,b2395,BLT Steak,Las Vegas,89109,359,36.1142391,-115.1727367,4.0,3645 Las Vegas Blvd S,0,07AZL5XenCQ_-op_onKLdw,Craftsteak,Las Vegas,89109,723,36.10222,-115.169516,4.1,3799 Las Vegas Boulevard S$*$ Las Vegas$*$ NV 89109,16978079,0,0
117,76720,76720,a41608,b447,Casbah Restaurant,Madison,53703,16,43.0749931,-89.3811037,3.0,119 E Main St,0,TAetQMOQ0MCHAZ4hacJrPQ,Bandung Indonesian Restaurant,Madison,53703,262,43.0763,-89.3756,4.1,600 Williamson St$*$ Madison$*$ WI 53703,17501972,0,0
314,221350,221350,a27348,b305,The Lodge,Charlotte,28226,63,35.106407,-80.8077349,4.0,7725 Colony Rd,0,yxLVwItd1Wnhy6SeUUcNYA,The Lodge,Charlotte,28226,691,35.107536,-80.807886,4.7,7725 Colony Road Suite 4$*$ Charlotte$*$ NC 28226,17149641,0,1
531,352522,352522,a63339,b457,The Hop Garden,Verona,53593,7,42.930033,-89.5254083,4.5,6818 Canal St,0,6CZo7pocjGgwQVK2ajAt0A,The Sow's Ear,Madison,53593,154,42.9901,-89.5335,4.1,125 S Main St$*$ Verona$*$ WI 53593,17503249,0,0
285,196734,196734,a88717,b2359,Blondies Sports Bar & Grill,Las Vegas,89109,433,36.11052562,-115.1695624,2.5,Planet Hollywood Resort & Casino$*$ 3663 Las Vegas Blvd S,0,4X0KWUPcD2EkHN83aa4cXg,Wolfgang Puck Bar & Grill,Las Vegas,89109,336,36.10222,-115.169516,4.2,3799 Las Vegas Boulevard S$*$ Las Vegas$*$ NV 89109,16980959,0,0
382,254881,254881,a41977,b1698,Sushi Kame,Champaign,61820,120,40.1185309,-88.2448027,3.5,132 W. Church St,0,0-WocGTpO3Zm4q1Zzz49Rw,Sam's Cafe,Champaign,61820,51,40.1168,-88.2427,3.6,115 N Walnut St$*$ Champaign$*$ IL 61820,17317442,0,0
109,74175,74175,a31802,b441,Morris Ramen,Madison,53703,17,43.07475431,-89.38133508,4.5,106 King St,0,Woqed5Fw95J6oEZxIHiBgg,Cooper's Tavern,Madison,53703,319,43.075386,-89.38557,4.1,20 W. Mifflin$*$ Madison$*$ WI 53703,17503480,0,0
304,208284,208284,a123792,b2359,Gordon Ramsay Pub & Grill,Las Vegas,89109,2111,36.1177282,-115.1758183,3.5,Caesars Palace Las Vegas Hotel And Casino$*$ 3570 Las Vegas Boulevard South,0,YJ8ljUhLsz6CtT_2ORNFmg,Wolfgang Puck Bar & Grill,Las Vegas,89109,336,36.10222,-115.169516,4.2,3799 Las Vegas Boulevard S$*$ Las Vegas$*$ NV 89109,16980959,0,0
16,16477,16477,a57198,b308,Lowe's,Charlotte,28203,48,35.2055386,-80.8605669,3.5,217 Iverson Way,0,qrPbFiwRT5F_4HLHZVL26Q,Pike's,Charlotte,28203,1056,35.211284,-80.86008,4.6,1930 Camden Road$*$ Charlotte$*$ NC 28203,17147968,0,0
344,238081,238081,a1848,b1698,Za's Italian Cafe,Champaign,61820,29,40.1399247,-88.2458532,3.0,1905 N Neil St,0,2YnUIGGmhoJX4Cd61nQLkg,Sam's Cafe,Champaign,61820,51,40.1168,-88.2427,3.6,115 N Walnut St$*$ Champaign$*$ IL 61820,17317442,0,0
378,254490,254490,a41702,b1613,Chopstix,Champaign,61820,51,40.110524,-88.23669,3.0,202 E Green St$*$ Ste 1,0,vsoEZauF4lrADIqCYXySFQ,Chopstix,Champaign,61820,192,40.110387,-88.236854,4.2,202 E Green st$*$ Champaign$*$ IL 61820,17317885,0,1
380,254768,254768,a41882,b1671,Kohl's,Champaign,61820,6,40.138566,-88.24166,4.5,109 Convenience Center Rd,0,54fRA8HnuCLlXfTcl2x_RQ,Zorba's,Champaign,61820,65,40.110085,-88.229304,3.7,627 E Green St$*$ Champaign$*$ IL 61820,17317498,0,0
506,337196,337196,a121867,b452,Eagle Crest Bar,Madison,53704,17,43.10702775,-89.28734461,3.5,3710 County Rd T,0,lMeWUHAkBUXwcuX1tGTdtw,Manna Cafe & Bakery,Madison,53704,217,43.1086,-89.3637,4.1,611 N Sherman Ave$*$ Madison$*$ WI 53704,17502368,0,0
554,358881,358881,a121054,b2366,Studio B Buffet,Henderson,89044,1824,35.96580256,-115.1690198,4.0,12300 S Las Vegas Blvd,0,LNGBEEelQx4zbfWnlc66cw,Studio B Buffet,Las Vegas,89044,222,35.964779,-115.168524,4.2,12300 Las Vegas Boulevard S$*$ Henderson$*$ NV 89044,16981406,0,1
587,360997,360997,a109772,b1832,Ed's Real Scoop,Toronto,M4E 1E9,84,43.6727105,-79.2880345,4.5,2224 Queen St E,0,SYExIal3fh3mS3kpoP9Ixg,Ed's Real Scoop,Toronto,M4E 1E9,476,43.672631,-79.288008,4.6,2224 Queen Street East$*$ Toronto$*$ ON M4E 1E9,8908950,0,1
365,248100,248100,a30655,b1629,Sushi Ichiban,Champaign,61820,40,40.1108681,-88.2283044,3.0,619 S Wright St,0,_n5wggIEfBzCUepjgvHXAQ,Sushi Kame,Champaign,61820,127,40.1184,-88.2442,4.0,132 W Church St$*$ Champaign$*$ IL 61820,17317469,0,0
148,88636,88636,a126597,b454,Lao Laan-Xang Restaurant,Madison,53703,232,43.083166,-89.364985,4.5,1146 Williamson St,0,VMPSdoBgJuyS9t_x_caTig,Wasabi Japanese Restaurant,Madison,53703,241,43.0747,-89.3925,4.1,449 State St Ste 2G$*$ Madison$*$ WI 53703,17502747,0,0
78,57881,57881,a347,b1532,7-Eleven,Pittsburgh,15222,3,40.4425995,-80.0001807,2.0,643 Liberty Avenue,0,4nJTFvIDmIkgvwf36XruOg,Eleven,Pittsburgh,15222,1310,40.445903,-79.99342,4.4,1150 Smallman St$*$ Pittsburgh$*$ PA 15222,17036383,0,0
273,183481,183481,a80045,b2399,Palm Restaurant,Las Vegas,89109,515,36.118329,-115.176032,4.0,Caesar's Palace$*$ 3500 Las Vegas Blvd S,0,w12x7UBSSRsdbp3ZqguG3Q,Eiffel Tower Restaurant,Las Vegas,89109,420,36.1125,-115.172222,4.1,3655 South Las Vegas Boulevard$*$ The Strip$*$ Las Vegas$*$ NV 89109,16978254,0,0
77,57556,57556,a115285,b552,The Henry,Phoenix,85018,716,33.508841,-111.9843047,4.0,4455 E Camelback Rd,0,LelAlfuj5oVRF9CQdWLsNQ,The Vig,Phoenix,85018,349,33.493931,-111.995324,4.1,4041 N 40th St$*$ Phoenix$*$ AZ 85018,17029878,0,0
549,357522,357522,a33808,b445,Swagat Indian Restaurant,Madison,53717,139,43.0753164,-89.5174398,4.0,707 N Highpoint Rd,0,FlPAGqTovHc4mEIKJ7Q8Nw,Swagat Restaurant,Madison,53717,326,43.0753,-89.5184,4.1,707 N High Point Rd$*$ Madison$*$ WI 53717,17502670,0,1
335,234576,234576,a84163,b3569,Namaste India Garden,Lakewood,44107,101,41.4855287,-81.7951881,4.5,14412 Detroit Ave,0,b4LxjVnFdOCqRKxfweaTqw,India Garden,Cleveland,44107,424,41.482892,-81.825698,4.2,18405 Detroit Ave$*$ Lakewood$*$ OH 44107,16961061,0,0
327,230123,230123,a93056,b310,The Belfast Mill,Charlotte,28202,44,35.226008,-80.846744,4.5,144 Brevard Ct,0,pqJ_L-7WC2pDdUa2GLDwRQ,Little Village Grill,Charlotte,28202,373,35.232179,-80.848506,4.6,710 W Trade Street$*$ NC 28202,17147625,0,0
34,29249,29249,a82438,b2352,Sushi Mon,Las Vegas,89117,264,36.14359527,-115.2798899,3.5,8320 W Sahara Ave$*$ Ste 180,0,m_CqRpEZ2XDH3fp-KFAycQ,Sushi Fever,Las Vegas,89117,279,36.143547,-115.265178,4.3,7985 W Sahara Ave Ste 105$*$ Las Vegas$*$ NV 89117,16980483,0,0
172,104458,104458,a30688,b544,Panda Garden,Phoenix,85044,88,33.33194498,-111.9816185,4.0,4730 E Warner Rd,0,dHTGzM4_3kKEiQvab9mi9A,Panda Garden,Phoenix,85044,262,33.330903,-111.983102,4.2,4730 E Warner Rd$*$ Phoenix$*$ AZ 85044,17028328,0,1
564,359921,359921,a108129,b1900,Tom's Dairy Freeze,Etobicoke,M8Y 1K5,73,43.6278936,-79.4965373,4.5,630 The Queensway,0,NGhmpSDZmg1shPOVdsHgBQ,Tom's Dairy Freeze,GTA,M8Y 1K5,205,43.62775,-79.496658,4.4,630 The Queensway$*$ Etobicoke M8Y 1K5,8901053,0,1
57,45177,45177,a135504,b2353,Livescan Las Vegas,Las Vegas,89119,10,36.1038987,-115.1185437,1.5,4680 S Eastern Ave$*$ Ste H,0,8HRgT3io4TzvzHOdWWWp7Q,Slice of Vegas,Las Vegas,89119,210,36.092089,-115.172992,4.3,3930 Las Vegas Boulevard S$*$ Las Vegas$*$ NV 89119,16982662,0,0
164,96147,96147,a102560,b2346,The Game,Las Vegas,89145,27,36.1691517,-115.2913521,3.5,Suncoast Hotel & Casino$*$ 9090 Alta Dr,0,nO2mE8gLNxi1Fsm6bZsn-g,Bagel Cafe,Las Vegas,89145,379,36.176043,-115.260161,4.3,301 North Buffalo Drive$*$ Summerlin$*$ Las Vegas$*$ NV 89145,16977466,0,0
56,44634,44634,a129905,b2318,Baja Fresh,Las Vegas,89119,33,36.0839998,-115.1537389,3.0,McCarran International Airport$*$ 5757 Wayne Newton Blvd,0,d2IDbGP7tT8C6vBtxdpmLg,Yama Sushi,Las Vegas,89119,489,36.114809,-115.136073,4.5,1350 E Flamingo Rd$*$ Las Vegas$*$ NV 89119,16980968,0,0
377,254097,254097,a41359,b1626,Bombay Indian Grill,Champaign,61820,57,40.114132,-88.238369,3.5,302 S 1st St,0,RTmIbq33chUSa-etGiF8Lg,Chipotle Mexican Grill,Champaign,61820,166,40.1104,-88.2316,4.0,528 E Green St$*$ Champaign$*$ IL 61820,17317260,0,0
214,131566,131566,a7586,b2364,First Food & Bar,Las Vegas,89109,357,36.12355948,-115.1686692,3.5,The Palazzo$*$ 3327 Las Vegas Blvd S,0,_ixV2SWDy7w8jzEAHp85qA,Fiamma Trattoria & Bar,Las Vegas,89109,217,36.10222,-115.169516,4.2,MGM Grand$*$ 3799 Las Vegas Boulevard S$*$ Las Vegas$*$ NV 89109,16978398,0,0
43,38101,38101,a47566,b2358,Track Lounge,Las Vegas,89119,3,36.0858828,-115.149411,3.0,5757 Wayne Newton Blvd,0,hL1r-Mh-UPOQJ7tbXCd9Yw,Yard House,Las Vegas,89119,488,36.0682346,-115.1758636,4.2,6593 S Las Vegas Boulevard$*$ Las Vegas$*$ NV 89119,16980971,0,0
112,76394,76394,a41329,b456,Orpheum Lobby Restaurant,Madison,53703,20,43.0748942,-89.3886553,4.0,216 State St,0,qnuBmj3lL_S_QQOmTI9cfw,Lao Laan-Xang Restaurant,Madison,53703,198,43.0827,-89.3654,4.1,1146 Williamson St$*$ Madison$*$ WI 53703,17502331,0,0
320,226595,226595,a45430,b516,Carolina's Mexican Food,Phoenix,85034,505,33.4315556,-112.0560841,4.0,1202 E Mohave St,0,89uU51kOiQXbJHVA3C6XMQ,Carolina's Mexican Food,Phoenix,85034,480,33.431537,-112.056197,4.4,1202 East Mohave Street$*$ Downtown$*$ Phoenix$*$ AZ 85034,17025688,0,1
46,40354,40354,a80008,b2353,Welcome To Las Vegas,Las Vegas,89119,3,36.0912617,-115.1742471,3.5,3930 Las Vegas S Blvd,0,Widwt7qBK0iZwsjdn6ACoQ,Slice of Vegas,Las Vegas,89119,210,36.092089,-115.172992,4.3,3930 Las Vegas Boulevard S$*$ Las Vegas$*$ NV 89119,16982662,0,0
65,48090,48090,a79663,b585,The Hermosa Inn,Paradise Valley,85253,33,33.518225,-112.004898,4.5,5532 N Palo Cristi Rd,0,f-KUpaw28JfS6_a_Cv9zWQ,Lon's - The Hermosa Inn,Phoenix,85253,225,33.518368,-112.004635,4.0,The Hermosa Inn$*$ 5532 North Palo Cristi Road$*$ Biltmore/Arcadia$*$ Phoenix$*$ AZ 85253,17027592,0,0
464,307232,307232,a84538,b1607,Das Cafe,Urbana,61801,23,40.1124516,-88.2082596,4.0,119 W Main St,0,Wq84zy8_rw1IkAqPcPqJ9g,Courier Cafe,Champaign,61801,356,40.1126,-88.2091,4.3,111 N Race St$*$ Urbana$*$ IL 61801,17317702,0,0
101,70014,70014,a21962,b432,Bandung Indonesian Restaurant,Madison,53703,169,43.076604,-89.3745656,4.0,600 Williamson St$*$ Ste M,0,NiBzh0kHusvH5rdnpm7yVw,L'Etoile Restaurant,Madison,53703,334,43.075786,-89.383231,4.2,1 South Pinckney Street$*$ Madison$*$ WI 53703,17503345,0,0
443,295522,295522,a20558,b335,Cafe Central,Charlotte,28205,8,35.2205664,-80.8148317,2.5,1410 Central Ave,0,rnMd9lccXgC_ESLUX2mlfg,Crepe Cellar,Charlotte,28205,647,35.246471,-80.806348,4.3,3116 N Davidson Street$*$ Charlotte$*$ NC 28205,17149674,0,0
206,127448,127448,a4759,b2304,Bank of America,Las Vegas,89109,11,36.1303615,-115.1391209,2.0,1140 E Desert Inn Rd,0,CLVfGD1qczH8Tc6C-pKDPg,Earl of Sandwich,Las Vegas,89109,631,36.11077,-115.17282,4.7,Planet Hollywood$*$ 3667 South Las Vegas Boulevard$*$ The Strip$*$ Las Vegas$*$ NV 89109,16978241,0,0
202,124724,124724,a881,b2314,Drugstore Cafe,Las Vegas,89109,148,36.1265953,-115.1653652,3.5,3131 Las Vegas Blvd S,0,Do4n_yK_K6DmR9_Es5qwlA,Grand Lux Cafe,Las Vegas,89109,1022,36.121,-115.1702,4.5,3355 Las Vegas Boulevard S$*$ Las Vegas$*$ NV 89109,16978572,0,0
319,225902,225902,a143102,b600,NextCare Urgent Care,Phoenix,85032,23,33.6259078,-112.011713,3.5,3229 E. Greenway Road$*$ Ste 102,0,9yATznuXsyvWyvVGhQx06A,40th Street Cafe,Phoenix,85032,188,33.626603,-111.995192,4.0,4022 E Greenway Rd$*$ Phoenix$*$ AZ 85032,17024955,0,0
595,361091,361091,a76580,b1844,Burger Shack,Toronto,M4R 1A9,67,43.7048027,-79.4056887,3.5,233 Eglinton Avenue W,0,xGXzIliuZ6FgMS870UjPRw,Burger Shack,Toronto,M4R 1A9,611,43.704731,-79.405945,4.5,233 Eglinton Avenue West$*$ Toronto$*$ ON M4R 1A9,8908687,0,1
406,272222,272222,a136568,b573,That Italian Place,Phoenix,85048,6,33.3050646,-111.9985862,4.5,3941 E Chandler Blvd$*$ Ste 107,0,xHNLor7CQxwg__q3AV6org,Bell' Italia Pizzeria,Phoenix,85048,200,33.305063,-111.978013,4.1,4909 E Chandler Blvd$*$ Phoenix$*$ AZ 85048,17025304,0,0
168,98776,98776,a33304,b437,Spinners Pizza,Stoughton,53589,5,42.91747,-89.247405,3.0,2125 McComb Rd$*$ Ste 110,0,QR2V_Iutb9tEoXVBYPo-Kw,Famous Yeti's Pizza,Madison,53589,162,42.9266576,-89.2225748,4.2,971 N Page St$*$ Stoughton$*$ WI 53589,17503758,0,0
486,326631,326631,a142548,b588,Wild Game Grill,Phoenix,85016,102,33.4800325,-112.0283324,4.5,2445 E Thomas Rd,0,p3JG2He3UptGY0eqc2YX8g,TexAz Grill,Phoenix,85016,228,33.524011,-112.046982,4.0,6003 North 16th Street$*$ Phoenix$*$ AZ 85016,17029676,0,0
352,240845,240845,a10779,b1622,Hancock Fabrics,Champaign,61820,4,40.1386521,-88.241438,4.0,115 Convenience Ctr Rd,0,_36y6DMfo8QcEi7IWrXa0A,Radio Maria,Champaign,61820,348,40.1167,-88.2427,4.0,119 N Walnut St$*$ Champaign$*$ IL 61820,17317431,0,0
404,271269,271269,a96778,b563,Kyrene Internal Medicine,Phoenix,85048,3,33.3044818,-111.9852834,3.5,4545 E Chandler Blvd$*$ Ste 201,0,rjssP8-kSzxIV4kOEl1MYQ,Va Bene Italian Cuisine,Phoenix,85048,273,33.305063,-111.983656,4.1,4647 E Chandler Blvd$*$ Phoenix$*$ AZ 85048,17029850,0,0
449,301326,301326,a35119,b556,Carolina's Mexican Food,Phoenix,85022,371,33.59683215,-112.0361985,4.0,2126 E Cactus Rd,0,Ktia9NJfvxVxTLVcEnw9zQ,Carolina's Mexican Food,Phoenix,85022,231,33.545363,-112.047665,4.1,2126 East Cactus$*$ Phoenix$*$ AZ 85022,17025689,0,1
359,244076,244076,a26818,b1691,Doodles,Champaign,61820,34,40.10933,-88.231668,4.0,502 E John St$*$ Ste 109,0,68HNLNwMfXu1NuL_2E4N7A,Noodles & Co,Champaign,61820,78,40.1104,-88.2316,3.6,528 E Green St$*$ Champaign$*$ IL 61820,17317741,0,0
362,245960,245960,a28406,b1648,Mashawi Grill,Champaign,61820,77,40.110041,-88.2296889,4.5,617 E Green St,0,SCxtzXcvyk1hygdmOZqd1A,Bombay Indian Grill,Champaign,61820,140,40.1102,-88.2334,3.8,403 E Green St$*$ Champaign$*$ IL 61820,17317233,0,0
111,76383,76383,a41329,b432,Orpheum Lobby Restaurant,Madison,53703,20,43.0748942,-89.3886553,4.0,216 State St,0,qnuBmj3lL_S_QQOmTI9cfw,L'Etoile Restaurant,Madison,53703,334,43.075786,-89.383231,4.2,1 South Pinckney Street$*$ Madison$*$ WI 53703,17503345,0,0
235,149539,149539,a49337,b2314,Sid's Cafe,Las Vegas,89109,101,36.13546042,-115.1521461,2.0,3000 Paradise Rd,0,_R-rjgz4Kwi4f3u0clFeKg,Grand Lux Cafe,Las Vegas,89109,1022,36.121,-115.1702,4.5,3355 Las Vegas Boulevard S$*$ Las Vegas$*$ NV 89109,16978572,0,0
120,77487,77487,a42381,b479,Mediterranean Cafe,Madison,53703,166,43.0748734,-89.3964524,4.5,625 State St,0,oezMXnkdUQMuMH7RuKaiyw,Mediterranean Cafe,Madison,53703,127,43.0747,-89.3959,4.0,625 State St$*$ Madison$*$ WI 53703,17502390,0,1
372,251480,251480,a35875,b1697,Mia Za's Cafe,Champaign,61820,75,40.1101105,-88.2292247,3.5,629 E Green St,0,abA0s0uxoeOn7zNm-1dDxw,Fiesta Cafe,Champaign,61820,74,40.1151,-88.2385,3.6,216 S 1st St$*$ Champaign$*$ IL 61820,17317301,0,0
341,237314,237314,a7148,b1509,Angelina's Pizzeria,Pittsburgh,15226,29,40.3979659,-80.026,3.5,109 Brookline Blvd,0,txF4WKY3P2hF3i6VCRD8YA,Fiori's Pizzaria,Pittsburgh,15226,1388,40.405224,-80.018518,4.6,103 Capital Avenue$*$ Pittsburgh$*$ PA 15226,17036421,0,0
367,249800,249800,a31670,b1629,Basil Thai Cafe,Champaign,61820,13,40.110554,-88.232373,2.5,410 E Green St$*$ Ste 1,0,XtJj67rKT16a4tQw7bxtyw,Sushi Kame,Champaign,61820,127,40.1184,-88.2442,4.0,132 W Church St$*$ Champaign$*$ IL 61820,17317469,0,0
371,251470,251470,a35875,b1675,Mia Za's Cafe,Champaign,61820,75,40.1101105,-88.2292247,3.5,629 E Green St,0,abA0s0uxoeOn7zNm-1dDxw,Aroma Cafe,Champaign,61820,57,40.117,-88.2433,3.6,118 N Neil St$*$ Champaign$*$ IL 61820,17317211,0,0
458,304782,304782,a113195,b1544,Silk Road,Pittsburgh,15236,85,40.35910707,-80.00208978,4.0,5301 Grove Rd$*$ Ste 1,0,1MrJJ9tyNyfFrxaNZ67xFg,Silk Road,Pittsburgh,15236,590,40.357482,-80.002086,4.4,5301 Grove Rd$*$ Pittsburgh$*$ PA 15236,17041302,0,1
75,54960,54960,a42851,b504,Los Armandos,Phoenix,85018,28,33.480391,-111.978627,3.0,4732 E Thomas Rd,0,aYlZVqlqf8QRd9EW0iRC4w,Postino Arcadia,Phoenix,85018,1142,33.502363,-111.996517,4.8,3939 East Campbell Avenue$*$ Biltmore/Arcadia$*$ Phoenix$*$ AZ 85018,17028658,0,0
298,205645,205645,a118088,b2321,Whiskey Down,Las Vegas,89109,73,36.10216531,-115.1698038,4.0,3799 Las Vegas Blvd S,0,t7g-VMFt0zT4laAt-2p6RA,Wicked Spoon,Las Vegas,89109,670,36.108303,-115.173302,4.4,3708 Las Vegas Boulevard South$*$ Las Vegas$*$ NV 89109,16982135,0,0
450,301752,301752,a29170,b3599,Brothers Lounge,Cleveland,44102,53,41.4831317,-81.7678484,4.0,11609 Detroit Ave,0,_wpUUDnJwrn7eSYAjnv7WA,Luxe Kitchen and Lounge,Cleveland,44102,583,41.483767,-81.730821,4.1,6605 Detroit Ave$*$ Cleveland$*$ OH 44102,16963476,0,0
497,331378,331378,a85491,b2347,Nittaya's Secret Kitchen,Las Vegas,89128,402,36.1980614,-115.2825096,4.0,2110 N Rampart$*$ Ste 110,0,yp2nRId4v-bDtrYl5A3F-g,Nittaya's Secret Kitchen,Las Vegas,89128,239,36.1980478,-115.2825394,4.3,2110 N Rampart Blvd Ste 110$*$ Las Vegas$*$ NV 89128,16982095,0,1
423,283908,283908,a8526,b388,Maggiano's Little Italy,Charlotte,28211,235,35.15215702,-80.83026911,3.5,4400 Sharon Rd,0,AuIiqDeL65kczmiFSkAWrA,Maggiano's,Charlotte,28211,643,35.151246,-80.828827,4.1,4400 Sharon Road$*$ Charlotte$*$ NC 28211,17149629,0,1
264,173506,173506,a75951,b2399,Yafo Kosher Restaurant,Las Vegas,89109,4,36.1314439,-115.1648858,3.0,3049 S Las Vegas Blvd,0,_XM07jbQGliVPwnAfyyGUA,Eiffel Tower Restaurant,Las Vegas,89109,420,36.1125,-115.172222,4.1,3655 South Las Vegas Boulevard$*$ The Strip$*$ Las Vegas$*$ NV 89109,16978254,0,0
545,356597,356597,a126301,b557,Chase Bank,Phoenix,85012,7,33.489889,-112.074282,2.5,3620 N Central Ave,0,e4RdNheI4_pJuNKBzFcDzA,Pane Bianco,Phoenix,85012,264,33.5006213,-112.0743113,4.1,4404 North Central Avenue$*$ Midtown$*$ Phoenix$*$ AZ 85012,17028331,0,0
385,256786,256786,a43201,b1606,Seven Saints,Champaign,61820,244,40.11655588,-88.24201277,4.0,32 E Chester St,0,L2c-qKZWumCmOCR-dqBLrg,Seven Saints,Champaign,61820,483,40.116549,-88.242119,4.3,32 E Chester St$*$ Champaign$*$ IL 61820,17317789,0,1
274,184394,184394,a80648,b2307,Venetian Theatre At The Venetian Las Vegas,Las Vegas,89109,12,36.1226902,-115.1701939,4.0,3355 Las Vegas Blvd S,0,mdV6YmSkjemocNBjLfw1hA,Bouchon Bistro - The Venetian,Las Vegas,89109,1167,36.121,-115.1702,4.6,The Venetian$*$ 3355 Las Vegas Boulevard South$*$ The Strip$*$ Las Vegas$*$ NV 89109,16977639,0,0
165,96165,96165,a107007,b2346,Promenade Cafe,Las Vegas,89145,57,36.175747,-115.2917528,2.5,The Resort at Summerlin$*$ 221 N  Rampart Blvd,0,QvC9BTeewBxMgdUadFglKw,Bagel Cafe,Las Vegas,89145,379,36.176043,-115.260161,4.3,301 North Buffalo Drive$*$ Summerlin$*$ Las Vegas$*$ NV 89145,16977466,0,0
532,352562,352562,a84213,b457,The Klassik Tavern,Verona,53593,26,42.989845,-89.538978,4.0,410 W Verona Ave,0,LdO1SLMxOnGXJuuPGD5meA,The Sow's Ear,Madison,53593,154,42.9901,-89.5335,4.1,125 S Main St$*$ Verona$*$ WI 53593,17503249,0,0
160,91659,91659,a141527,b3568,Mitchell's Homemade Ice Cream - Westlake,Westlake,44145,41,41.4681412,-81.9097584,5.0,26161 Detroit Rd,0,#NAME?,Mitchell's Homemade Ice Cream,Cleveland,44145,223,41.468942,-81.909851,4.2,26161 Detroit Rd$*$ Westlake$*$ OH 44145,16961777,0,1
350,239962,239962,a10182,b1652,The Tan Company,Champaign,61820,5,40.0907654,-88.2454391,2.0,2030 S Neil St,0,inwHlUdUyuDrxCk1qdfyMg,Fat Sandwich Company,Champaign,61820,110,40.109238,-88.23184,3.8,502 E John St$*$ Champaign$*$ IL 61820,17317810,0,0
45,39967,39967,a71266,b2328,Chase Bank,Las Vegas,89119,3,36.058026,-115.118901,5.0,7265 S Eastern Ave,0,S06JfRM3ICESOHc1pr3LOA,Texas de Brazil,Las Vegas,89119,763,36.0701369,-115.1753018,4.4,6533 S Las Vegas Blvd$*$ Las Vegas$*$ NV 89119,16981172,0,0
25,23845,23845,a1164,b1527,BreadWorks Bakery,Pittsburgh,15212,19,40.46194,-80.01929,4.5,2110 Brighton Rd,0,Uh6EhbFKgQlhVpfvnqsfHA,Breadworks,Pittsburgh,15212,478,40.461944,-80.019057,4.5,2110 Brighton Rd$*$ Pittsburgh$*$ PA 15212,17036048,0,1
293,203933,203933,a108808,b2327,Sbarro,Las Vegas,89109,33,36.1142773,-115.1709763,2.5,Ballys$*$ 3645 Las Vegas Blvd S,0,aoXb8mDCyb-XbkITiIfYVA,Spago,Las Vegas,89109,513,36.116111,-115.1744,4.4,3500 Las Vegas Boulevard S$*$ Las Vegas$*$ NV 89109,16980318,0,0
284,195459,195459,a87318,b2314,Grand Avenue Stores,Las Vegas,89109,9,36.1025459,-115.172271,3.0,3791 Las Vegas Blvd,0,O31l6pYwPRt5T4L8wJLAxQ,Grand Lux Cafe,Las Vegas,89109,1022,36.121,-115.1702,4.5,3355 Las Vegas Boulevard S$*$ Las Vegas$*$ NV 89109,16978572,0,0
233,149352,149352,a49045,b2394,Strip House Steak House,Las Vegas,89109,438,36.11011835,-115.1720525,4.0,Planet Hollywood Resort and Casino,0,AT_xDv2Lm5K7VtER1fp-SA,Delmonico Steakhouse,Las Vegas,89109,714,36.121,-115.1702,4.1,3355 Las Vegas Boulevard S$*$ Las Vegas$*$ NV 89109,16978142,0,0
114,76647,76647,a41606,b432,Parthenon Gyros Restaurant,Madison,53703,116,43.075014,-89.390617,3.5,316 State St,0,skJ-AlN0DT9pmBDz0ixeJw,L'Etoile Restaurant,Madison,53703,334,43.075786,-89.383231,4.2,1 South Pinckney Street$*$ Madison$*$ WI 53703,17503345,0,0
569,360214,360214,a81498,b1861,Casa Sushi,Toronto,M4K 1P1,36,43.6778835,-79.3500706,3.5,469 Danforth Avenue,0,woXsHjEI-n5MF_dob1CMcA,Casa Sushi,Toronto,M4K 1P1,310,43.677774,-79.350025,4.5,469 Danforth Avenue$*$ Toronto M4K 1P1,8906811,0,1
218,136230,136230,a13678,b2397,Payard Ptisserie & Bistro,Las Vegas,89109,589,36.11724286,-115.1750136,4.0,Caesars Palace Las Vegas Hotel And Casino$*$ 3570 Las Vegas Boulevard South,0,AyEtowSGi9vx0-xFfrgjWw,Tao Asian Bistro,Las Vegas,89109,502,36.121,-115.1702,4.1,3355 Las Vegas Boulevard S$*$ Las Vegas$*$ NV 89109,16980571,0,0
391,260733,260733,a68989,b1602,Layalina Mediterranean Grill,Champaign,61820,52,40.112801,-88.239078,3.5,401 S 1st St,0,D-B5LsTHJgrhsHVex4gyHA,Maize Mexican Grill,Champaign,61820,253,40.110373,-88.238918,4.6,60 E Green St$*$ Champaign$*$ IL 61820,17317935,0,0
0,1327,1327,a88298,b362,Firebirds Wood Fired Grill,Charlotte,28216,110,35.352549,-80.851181,4.0,6801 Northlake Mall Dr,0,qVVjbYR0LIfJuIIzgPMTuw,Firebirds Wood Fired Grill,Charlotte,28216,423,35.349937,-80.850339,4.2,6801 Northlake Mall Drive$*$ Charlotte$*$ NC 28216,17147235,0,1
270,177084,177084,a76962,b2314,Market City Caffe,Las Vegas,89109,11,36.1043329,-115.17601,3.5,3770 Las Vegas Blvd S,0,ppmYIHMCIL5bocUsJSsDWA,Grand Lux Cafe,Las Vegas,89109,1022,36.121,-115.1702,4.5,3355 Las Vegas Boulevard S$*$ Las Vegas$*$ NV 89109,16978572,0,0
542,355993,355993,a101506,b534,Windsor,Phoenix,85012,861,33.513575,-112.073381,4.0,5223 N Central Ave,0,cTJjTKz2huGZ-ElScC2pSw,Windsor,Phoenix,85012,345,33.513688,-112.0734431,4.2,5223 North Central Avenue$*$ Phoenix$*$ AZ 85012,17032686,0,1
10,12473,12473,a6428,b503,Cibo,Phoenix,85003,1457,33.45496,-112.079908,4.5,603 N 5th Ave,0,9a3DrZvpYxVs3k_qwlCNSw,Cibo,Phoenix,85003,1062,33.454891,-112.080035,4.7,603 North 5th Avenue$*$ Downtown$*$ Phoenix$*$ AZ 85003,17025909,0,1
508,337209,337209,a122299,b463,Daisy Cafe & Cupcakery,Madison,53704,215,43.0936724,-89.3426022,4.0,2827 Atwood Ave,0,rnx0KHHTD9Yvr2BWAWwQ4g,Daisy Cafe and Cupcakery,Madison,53704,269,43.093736,-89.343105,4.0,2827 Atwood Dr.$*$ Madison$*$ WI 53704,17503408,0,1
318,225388,225388,a129069,b598,Saba's Mediterranean Kitchen,Phoenix,85032,209,33.639783,-111.97826,4.5,4747 E Bell Rd,0,len2nrEtgD9bjnoYSyLPjA,Saba's Mediterranean Cuisine,Phoenix,85032,210,33.640363,-111.978884,4.0,4747 East Bell Road$*$ Northeast Phoenix$*$ Phoenix$*$ AZ 85032,17029003,0,1
47,40621,40621,a84810,b2358,Yaya Life,Las Vegas,89119,20,36.1049744,-115.1359993,4.5,4632 S Maryland Pkwy$*$ Ste 16,0,05OUuoInL-o8Ed-7z_cIUg,Yard House,Las Vegas,89119,488,36.0682346,-115.1758636,4.2,6593 S Las Vegas Boulevard$*$ Las Vegas$*$ NV 89119,16980971,0,0
18,17523,17523,a88829,b392,Campbell's Greenhouses,Charlotte,28203,24,35.207751,-80.859744,4.5,209 McDonald Ave,0,TEdtu4fe7yZ5biKsYpURBw,Sullivan's Steakhouse,Charlotte,28203,486,35.210526,-80.859246,4.1,1928 South Boulevard$*$ Charlotte$*$ NC 28203,17148288,0,0
121,77703,77703,a42583,b432,Chautara Restaurant,Madison,53703,52,43.0748088,-89.3910219,3.5,334 State St,0,RJdV7djZZeH3jJadPhgVvw,L'Etoile Restaurant,Madison,53703,334,43.075786,-89.383231,4.2,1 South Pinckney Street$*$ Madison$*$ WI 53703,17503345,0,0
507,337208,337208,a122299,b452,Daisy Cafe & Cupcakery,Madison,53704,215,43.0936724,-89.3426022,4.0,2827 Atwood Ave,0,rnx0KHHTD9Yvr2BWAWwQ4g,Manna Cafe & Bakery,Madison,53704,217,43.1086,-89.3637,4.1,611 N Sherman Ave$*$ Madison$*$ WI 53704,17502368,0,0
485,324372,324372,a123006,b588,Arriba Mexican Grill,Phoenix,85016,224,33.5095793,-112.042585,3.5,1812 E Camelback Rd,0,5KheTjYPu1HcQzQFtm4_vw,TexAz Grill,Phoenix,85016,228,33.524011,-112.046982,4.0,6003 North 16th Street$*$ Phoenix$*$ AZ 85016,17029676,0,0
596,361105,361105,a87717,b685,L'Orignal,Montral,H2Y 2N7,150,45.5026889,-73.5581625,4.5,479 Rue Saint-Alexis,0,D7CnTsm8SCmbQghz1ioPdw,L'Orignal,Montreal,H2Y 2N7,493,45.502629,-73.557967,4.2,479 Rue Saint Alexis$*$ Montreal$*$ QC H2Y 2N7,16636716,0,1
198,121351,121351,a71437,b3589,Scooter's Dawghouse,Mentor,44060,78,41.724476,-81.294445,4.5,9600 Blackbrook Rd,0,nEMUUOvFB2Vi90uiF4rlCg,Scooters Dawghouse,Cleveland,44060,268,41.72447,-81.294857,4.2,9600 Blackbrook Rd$*$ Mentor$*$ OH 44060,16962693,0,1
39,35302,35302,a135819,b2368,Oyshi Sushi,Las Vegas,89139,969,36.047306,-115.244158,3.5,7775 S Rainbow Blvd$*$ Ste 145,0,Gaq3S9lmjXVcuDCZ8ulppw,Oyshi Sushi,Las Vegas,89139,483,36.047124,-115.243435,4.2,7775 S Rainbow Blvd Ste 145$*$ Las Vegas$*$ NV 89139,16981221,0,1
83,59901,59901,a62789,b1532,Eleven,Pittsburgh,15222,501,40.4460016,-79.9935003,4.0,1150 Smallman St,0,d2ZQRjuizstCTnicysmpMQ,Eleven,Pittsburgh,15222,1310,40.445903,-79.99342,4.4,1150 Smallman St$*$ Pittsburgh$*$ PA 15222,17036383,0,1
360,245267,245267,a27911,b1668,Fat City Bar and Grill,Champaign,61820,5,40.110967,-88.242733,4.0,505 S Chestnut St,0,dA9xisX951rOnx8IGLPfjw,Flat Top Grill,Champaign,61820,106,40.1114257,-88.2304292,3.7,607 S 6th St$*$ Champaign$*$ IL 61820,17317303,0,0
217,134243,134243,a11165,b2313,Chipotle Mexican Grill,Las Vegas,89109,95,36.120095,-115.171769,3.5,3475 Las Vegas Blvd S,0,dusNIzdCaH6EoLl2hRy6cQ,Mesa Grill,Las Vegas,89109,1410,36.116111,-115.1744,4.5,3570 Las Vegas Boulevard S$*$ Las Vegas$*$ NV 89109,16979381,0,0
384,256181,256181,a42746,b1698,Fiesta Cafe,Champaign,61820,53,40.1147989,-88.2384807,3.5,216 S 1st St,0,_a6jhRFIgOe74U73T5B-Ww,Sam's Cafe,Champaign,61820,51,40.1168,-88.2427,3.6,115 N Walnut St$*$ Champaign$*$ IL 61820,17317442,0,0
36,33323,33323,a39569,b3591,Popeyes Louisiana Grill,North Olmsted,44070,12,41.4195924,-81.9130639,2.0,26170 Lorain Rd,0,Wsk9CyM-FhybMA48I38JKg,Mashiso Asian Grille,Cleveland,44070,210,41.419094,-81.898564,4.2,24954 Brookpark Rd$*$ North Olmsted$*$ OH 44070,16964914,0,0
556,359334,359334,a104933,b1678,Old Orchard Lanes,Savoy,61874,13,40.0652239,-88.2507519,3.5,901 N Dunlap Ave,0,3P1dBNauEwkToURbq_I0Dw,Old Orchard Lanes Pizza,Champaign,61874,51,40.065294,-88.249865,3.7,901 N Dunlap Ave$*$ Savoy$*$ IL 61874,17317863,0,1
460,305222,305222,a41880,b1514,Tolerico's Restaurant,Monroeville,15146,23,40.4279561,-79.7884798,3.0,2525 Monroeville Blvd,0,oP0eUhf44jU71-I8DwKU5A,Taipei-Tokyo Restaurant,Pittsburgh,15146,829,40.4347,-79.7865,4.6,304 Mall Boulevard$*$ Monroeville$*$ PA 15146,17040170,0,0
216,133912,133912,a10513,b2386,The Cromwell Las Vegas Resort & Casino,Las Vegas,89109,318,36.1150489,-115.1718308,3.5,3595 Las Vegas Blvd S,0,y9ukbhhyYC2qrPSS9eWh5Q,Andre's Restaurant - Monte Carlo Resort and Casino,Las Vegas,89109,115,36.1045,-115.175556,4.2,Monte Carlo Resort and Casino$*$ 3770 Las Vegas Boulevard South$*$ The Strip$*$ Las Vegas$*$ NV 89109,16977392,0,0
255,168878,168878,a74130,b2390,Circus Buffet,Las Vegas,89109,281,36.13766706,-115.1646591,2.0,2880 S Las Vegas Blvd,0,lZZLmG1ANLq2Yb3KuVA4NA,The Wynn Buffet,Las Vegas,89109,707,36.129444,-115.166111,4.1,3131 S Las Vegas Boulevard$*$ Las Vegas$*$ NV 89109,16977686,0,0
527,350906,350906,a38135,b323,New Chin Chin,Charlotte,28270,8,35.137593,-80.73942,3.0,9856 Monroe Rd,0,e8cFfRySb8n9lMXRnyzeIA,New Zealand Cafe,Charlotte,28270,654,35.139858,-80.73667,4.4,1717 Sardis Road N$*$ Suite 6A$*$ Charlotte$*$ NC 28270,17147825,0,0
354,241129,241129,a12877,b1695,Monical's Pizza,Champaign,61820,24,40.097774,-88.24573,3.5,103 W Kirby Ave,0,bVt5eOVdpZzg83qlW9Rl2g,Monical's Pizza,Champaign,61820,89,40.098,-88.2448,3.6,103 W Kirby Ave$*$ Champaign$*$ IL 61820,17317384,0,1
452,302244,302244,a23067,b1530,Burgatory,Pittsburgh,15238,415,40.487971,-79.889315,4.0,Waterworks Mall$*$ 932 Freeport Rd,0,KTPRYqiFdLowAUEAnN7e3g,Burgatory Bar,Pittsburgh,15238,2144,40.4891418,-79.8930872,4.4,932 Freeport Rd$*$ Pittsburgh$*$ PA 15238,17042161,0,1
243,159576,159576,a62417,b2399,Gonzalez Y Gonzalez Restaurant,Las Vegas,89109,402,36.1030101,-115.1735187,3.5,3790 Las Vegas Blvd S,0,JsCKeWHA8n_5mFQ3F6t4UA,Eiffel Tower Restaurant,Las Vegas,89109,420,36.1125,-115.172222,4.1,3655 South Las Vegas Boulevard$*$ The Strip$*$ Las Vegas$*$ NV 89109,16978254,0,0
100,69633,69633,a19240,b479,Palmyra Mediterranean Grill,Madison,53703,65,43.0748105,-89.3925202,3.5,419 State St,0,tTjXkqN-XVLIP3Vk9EozJg,Mediterranean Cafe,Madison,53703,127,43.0747,-89.3959,4.0,625 State St$*$ Madison$*$ WI 53703,17502390,0,0
405,271871,271871,a125768,b563,Villa Italian Kitchen,Phoenix,85048,16,33.28735756,-111.9735303,1.5,Premium Outlets Way,0,A3QOTEpt6hRd4Ta5qFpwqg,Va Bene Italian Cuisine,Phoenix,85048,273,33.305063,-111.983656,4.1,4647 E Chandler Blvd$*$ Phoenix$*$ AZ 85048,17029850,0,0
256,169508,169508,a74489,b2390,The Rockhouse,Las Vegas,89109,115,36.1182919,-115.170409,3.5,3535 S Las Vegas Blvd,0,7YssNqJaJCMnIyabbqjDXQ,The Wynn Buffet,Las Vegas,89109,707,36.129444,-115.166111,4.1,3131 S Las Vegas Boulevard$*$ Las Vegas$*$ NV 89109,16977686,0,0
241,155798,155798,a57608,b2304,Men of Sapphire,Las Vegas,89109,23,36.13318157,-115.1725458,4.0,3025 Sammy Davis Jr Dr$*$ Ste 201,0,Mg0HnPrsAEzQ0lGLj_BXSQ,Earl of Sandwich,Las Vegas,89109,631,36.11077,-115.17282,4.7,Planet Hollywood$*$ 3667 South Las Vegas Boulevard$*$ The Strip$*$ Las Vegas$*$ NV 89109,16978241,0,0
589,361044,361044,a62579,b1913,Il'Castello Restaurant,Edinburgh,EH1 2EL,8,55.9470883,-3.2021432,3.0,36 Castle Terrace,0,_z9SKvhV86VDa9PDG-903w,Castle Terrace,Edinburgh,EH1 2EL,84,55.94672778,-3.202286111,4.3,33-35 Castle Terrace$*$ Old Town$*$ Edinburgh EH1 2EL,7600083,0,0
68,50285,50285,a37173,b1595,Cucina Bella,Bridgeville,15017,57,40.3496337,-80.0994194,4.0,1200 Pennsylvania Ave,0,cKbPGglAjIGG6MeVy7n8XQ,Cucina Bella,Pittsburgh,15017,571,40.349499,-80.100212,4.2,1200 Pennsylvania Ave$*$ Bridgeville$*$ PA 15017,17042274,0,1
510,341266,341266,a4814,b1553,Crazy Mocha Coffee,Pittsburgh,15201,14,40.4692949,-79.9612733,3.5,4032 Butler St,0,o1fTwfqN0sDFNpV1CkOPPg,Coca Cafe,Pittsburgh,15201,815,40.467157,-79.964101,4.3,3811 Butler St$*$ Pittsburgh$*$ PA 15201,17036218,0,0
519,344860,344860,a50332,b1520,Thai Cuisine,Pittsburgh,15224,185,40.46254961,-79.94976007,4.0,4627 Liberty Ave,0,YzqV61exMv__mjobBV2g7g,Thai Cuisine,Pittsburgh,15224,995,40.462387,-79.950022,4.5,4627 Liberty Ave$*$ Pittsburgh$*$ PA 15224,17037546,0,1
136,85062,85062,a104063,b432,Maharani Restaurant,Madison,53703,169,43.0719143,-89.389124,3.5,380 W Washington Ave,0,FMMNajth88mWX76QVp6N9Q,L'Etoile Restaurant,Madison,53703,334,43.075786,-89.383231,4.2,1 South Pinckney Street$*$ Madison$*$ WI 53703,17503345,0,0
29,24857,24857,a23917,b554,Spinato's Pizzeria,Phoenix,85014,221,33.51700641,-112.0646513,4.0,5509 N 7th St,0,_mg5bYknpZgaWSfjQVmrJQ,Oregano's Pizza Bistro,Phoenix,85014,348,33.509437,-112.060141,4.1,1008 E Camelback Rd$*$ Phoenix$*$ AZ 85014,17028233,0,0
550,357601,357601,a52629,b422,La Baguette,Madison,53717,87,43.0606935,-89.5112765,4.0,7424 Mineral Point Rd,0,FUX9h1a37GJn9ge1baiNuw,La Baguette,Madison,53717,280,43.060871,-89.51084,4.3,7424 Mineral Point Rd$*$ Madison$*$ WI 53717,17503384,0,1
478,318169,318169,a20361,b564,Phoenix Orthopedic Group,Phoenix,85016,3,33.5063402,-112.0338764,2.5,2222 E Highland Ave$*$ Ste 203,0,nPegaYnY83ns22GjeZbqwA,Phoenix City Grille,Phoenix,85016,224,33.52253,-112.047664,4.1,5816 North 16th Street$*$ Midtown$*$ Phoenix$*$ AZ 85016,17028525,0,0
92,66295,66295,a106567,b424,KLC Nails,Madison,53719,28,43.0499492,-89.474345,4.0,5509 Odana Rd,0,5842ijShUcmGq4Xb9VUIcQ,The Nile,Madison,53719,250,43.053326,-89.485676,4.3,6119 Odana Road$*$ Madison$*$ WI 53719,17503651,0,0
15,16308,16308,a52452,b312,Pike's Old Fashioned Soda Shop,Charlotte,28203,230,35.2109878,-80.861,3.5,1930 Camden Rd,0,NbrXg59fYR3MoeXdeAIQIQ,Price's Chicken Coop,Charlotte,28203,1093,35.214563,-80.857329,4.5,1614 Camden Road$*$ Charlotte$*$ NC 28203,17147994,0,0
387,258962,258962,a54520,b1652,Potbelly Sandwich Shop,Champaign,61820,29,40.1100629,-88.231789,4.0,501 E Green St,0,7AlULGZI1pHt0imODsqdkg,Fat Sandwich Company,Champaign,61820,110,40.109238,-88.23184,3.8,502 E John St$*$ Champaign$*$ IL 61820,17317810,0,0
429,287463,287463,a133955,b1923,The Stockbridge Restaurant,Edinburgh,EH3 5AL,14,55.9578322,-3.2065066,4.0,54 St Stephen Street,0,rSd9f8qvdg8KIf4ATqw-PA,The Stockbridge Restaurant,Edinburgh,EH3 5AL,54,55.957833,-3.206506,4.2,54 St Stephen Street$*$ Stockbridge$*$ Edinburgh EH3 5AL,7600987,0,1
251,162751,162751,a67056,b2364,Fiamma Trattoria & Bar,Las Vegas,89109,694,36.10156,-115.172953,4.0,3799 Las Vegas Blvd S,0,dCUuzw3R2rPqKyN2Zl9zRw,Fiamma Trattoria & Bar,Las Vegas,89109,217,36.10222,-115.169516,4.2,MGM Grand$*$ 3799 Las Vegas Boulevard S$*$ Las Vegas$*$ NV 89109,16978398,0,1
305,210975,210975,a127006,b2341,La Cage,Las Vegas,89109,4,36.1354133,-115.1600836,4.0,Rivera Hotel$*$ 2901 Las Vegas Blvd S,0,JGz6AZ3IsdjKafetuyek6Q,Le Cirque,Las Vegas,89109,243,36.111712,-115.17534,4.3,3600 Las Vegas Boulevard S$*$ Las Vegas$*$ NV 89109,16979122,0,0
237,150869,150869,a51069,b2314,Sherwood Forest Cafe,Las Vegas,89109,48,36.098909,-115.175557,2.5,Excalibur Hotel Casino$*$ 3850 Las Vegas Blvd S,0,KJsGM_gLm597KEJ95PUfsw,Grand Lux Cafe,Las Vegas,89109,1022,36.121,-115.1702,4.5,3355 Las Vegas Boulevard S$*$ Las Vegas$*$ NV 89109,16978572,0,0
64,47831,47831,a134373,b490,Laredo's Mexican Restaurant,Fitchburg,53711,39,43.0144343,-89.4274935,3.0,2935 S Fish Hatchery Rd,0,0rrq-d9iNL2rrLET61v7jg,Takara Japanese Restaurant,Madison,53711,221,43.0502,-89.4736,3.9,696 S Whitney Way$*$ Madison$*$ WI 53711,17502687,0,0
40,36481,36481,a6346,b2328,Chase Bank,Las Vegas,89119,15,36.114887,-115.135323,2.0,1340 E,0,g_UINGgOcQq-vkpAbp7lWQ,Texas de Brazil,Las Vegas,89119,763,36.0701369,-115.1753018,4.4,6533 S Las Vegas Blvd$*$ Las Vegas$*$ NV 89119,16981172,0,0
259,170628,170628,a74859,b2390,The Mentalist,Las Vegas,89109,116,36.11083339,-115.1726362,4.0,3663 Las Vegas Blvd$*$ Suite 360,0,3wQy58Fdg_xrgul2FOw0_A,The Wynn Buffet,Las Vegas,89109,707,36.129444,-115.166111,4.1,3131 S Las Vegas Boulevard$*$ Las Vegas$*$ NV 89109,16977686,0,0
408,273410,273410,a124015,b480,Bloom Bake Shop,Middleton,53562,113,43.0958054,-89.511793,4.5,1834 Parmenter St,0,_q0ci_oTC-QccjFKVc6CeA,Bloom Bake Shop,Madison,53562,178,43.095575,-89.511657,4.0,1834 Parmenter Street$*$ Middleton$*$ WI 53562,17503486,0,1
525,349503,349503,a93766,b1534,Maharaja Restaurant,Pittsburgh,15216,10,40.420335,-80.030114,3.5,1150 Banksville Rd,0,RXyBD1euUHNxhU3_LE7z6Q,Dor-Stop Restaurant,Pittsburgh,15216,1074,40.395912,-80.034802,4.4,1430 Potomac Ave$*$ Pittsburgh$*$ PA 15216,17036340,0,0
74,53990,53990,a38868,b511,Giant Rustic Pizza,Phoenix,85018,95,33.5090177,-111.996308,4.0,3945 E Camelback Rd,0,ETTzxqOcPuxMqV37y1uhdg,La Grande Orange Pizzeria,Phoenix,85018,760,33.501531,-111.995564,4.5,4410 N 40th St$*$ Phoenix$*$ AZ 85018,17027424,0,0
219,136682,136682,a14235,b2394,Jean Georges Steakhouse,Las Vegas,89109,600,36.10715237,-115.1771307,3.5,3730 Las Vegas Blvd S,0,qmIHO-6T_KEfPC9jyGDamQ,Delmonico Steakhouse,Las Vegas,89109,714,36.121,-115.1702,4.1,3355 Las Vegas Boulevard S$*$ Las Vegas$*$ NV 89109,16978142,0,0
580,360888,360888,a34127,b1989,bia bistrot,Edinburgh,EH10 5DP,8,55.9338246,-3.2106617,4.0,19 Colinton Rd,0,dFHQ6RSl2SThRvmA9YEtfg,Bia Bistrot,Edinburgh,EH10 5DP,48,55.93392222,-3.210966667,3.9,19 Colinton Road$*$ Morningside$*$ Edinburgh EH10 5DP,7601187,0,1
184,112381,112381,a112989,b354,Taipei South,Charlotte,28210,65,35.0929369,-80.8592044,4.0,10106 Johnston Rd$*$ Ste A,0,WCkh_ZcsWKU1wx4bqyU9KA,Cafe Monte,Charlotte,28210,852,35.147713,-80.829113,4.2,6700 Fairview Road$*$Suite 108$*$ Charlotte$*$ NC 28210,17148534,0,0
575,360535,360535,a79769,b1888,Thai Bamboo,Vaughan,L4K 2Y7,77,43.7826693,-79.49162,4.0,2150 Steeles Ave W,0,13ARujj003ytdue2yb6kRg,Thai Bamboo Restaurant,GTA,L4K 2Y7,438,43.78256944,-79.49134722,4.4,2150 Steeles Avenue W$*$ Unit 20C$*$ Vaughan L4K 2Y7,8904994,0,1
440,293460,293460,a122147,b3520,Kim Se Cambodian Cuisine,Cleveland,44113,12,41.4846863,-81.7030619,4.0,1979 W 25th St$*$ Ste A10,0,ESCeeLwhOSZ1ketQn1nq8A,Banana Blossom Thai Cuisine,Cleveland,44113,323,41.48884,-81.708997,4.5,2800 Clinton Ave$*$ Cleveland$*$ OH 44113,16964822,0,0
456,303924,303924,a91763,b368,Viva Chicken,Charlotte,28204,604,35.213449,-80.825939,4.5,1617 Elizabeth Ave,0,sdYkVaTy7EJwUkO8Ie_qPg,Viva Chicken,Charlotte,28204,256,35.213449,-80.825939,4.2,1617 Elizabeth Avenue$*$ Charlotte$*$ NC 28204,17151470,0,1
244,159775,159775,a62585,b2361,Outback Steakhouse,Las Vegas,89109,87,36.1035296,-115.1723424,3.5,3785 Las Vegas Blvd S$*$ 4th Fl,0,7wMCJ9NqL9eBEX4WdJWuIA,SW Steakhouse,Las Vegas,89109,314,36.129444,-115.166111,4.2,3131 S Las Vegas Blvd$*$ Las Vegas$*$ NV 89109,16980119,0,0
76,55212,55212,a43613,b504,Studio Adriana,Phoenix,85018,11,33.5107015,-111.9863975,5.0,4515 N 32nd St$*$ Ste 200,0,52ZQ9A6PTJKJ5amRJSbEDA,Postino Arcadia,Phoenix,85018,1142,33.502363,-111.996517,4.8,3939 East Campbell Avenue$*$ Biltmore/Arcadia$*$ Phoenix$*$ AZ 85018,17028658,0,0
27,24326,24326,a138499,b1559,Morgan at North Shore,Pittsburgh,15212,3,40.4489033,-80.0000313,3.0,100 Anderson St,0,sKj6YZekA6CCCrNWSlq--Q,Legends of the North Shore Restaurant,Pittsburgh,15212,629,40.4565599,-80.0015124,4.3,500 E North Avenue$*$ Pittsburgh$*$ PA 15212,17036766,0,0
368,249831,249831,a31670,b1698,Basil Thai Cafe,Champaign,61820,13,40.110554,-88.232373,2.5,410 E Green St$*$ Ste 1,0,XtJj67rKT16a4tQw7bxtyw,Sam's Cafe,Champaign,61820,51,40.1168,-88.2427,3.6,115 N Walnut St$*$ Champaign$*$ IL 61820,17317442,0,0
252,163037,163037,a67096,b2394,Beso Steakhouse,Las Vegas,89109,156,36.108999,-115.173179,3.0,3720 S Las Vegas Blvd$*$ Ste 260,0,hXY9Yq0nOLgHsWLbjam--A,Delmonico Steakhouse,Las Vegas,89109,714,36.121,-115.1702,4.1,3355 Las Vegas Boulevard S$*$ Las Vegas$*$ NV 89109,16978142,0,0
280,190866,190866,a84661,b2399,Trevi Italian Restaurant,Las Vegas,89109,646,36.11783958,-115.1732183,3.5,3500 South Las Vegas Blvd,0,SsN-SaGGkJn2Qm-jSDQ4aQ,Eiffel Tower Restaurant,Las Vegas,89109,420,36.1125,-115.172222,4.1,3655 South Las Vegas Boulevard$*$ The Strip$*$ Las Vegas$*$ NV 89109,16978254,0,0
69,50688,50688,a5449,b513,Nook Kitchen,Phoenix,85018,346,33.49488969,-112.0029784,4.5,3623 E Indian School Rd,0,hTsZSiftorNUFb1VaHCHHg,Chelsea's Kitchen,Phoenix,85018,952,33.51134,-111.995464,4.4,5040 North 40th Street$*$ Biltmore/Arcadia$*$ Phoenix$*$ AZ 85018,17025770,0,0
21,23184,23184,a140022,b2362,Nina's Cafe,Las Vegas,89103,26,36.1148713,-115.2066735,4.0,4825 W Flamingo Rd$*$ Ste 9-10,0,IGYlCWnhjTg8QHvnaxpagA,Nora's Cuisine,Las Vegas,89103,548,36.114777,-115.223348,4.2,6020 W Flamingo Road$*$ Las Vegas$*$ NV 89103,16979551,0,0
190,115054,115054,a2141,b2350,Chicken Shack,Henderson,89014,338,36.0721935,-115.0729977,4.0,4606 E Sunset Rd,0,aqwn3jdQLCWnb59gHK4nAw,The Chicken Shack,Las Vegas,89014,219,36.071137,-115.073086,4.3,4606 E Sunset Rd$*$ Henderson$*$ NV 89014,16977903,0,1
87,63056,63056,a125355,b1577,Meat & Potatoes,Pittsburgh,15222,1249,40.44314459,-80.00110379,4.0,649 Penn Ave,0,JLbgvGM4FXh9zNP4O5ZWjQ,Meat & Potatoes,Pittsburgh,15222,1865,40.4431017,-80.0012236,4.2,649 Penn Ave$*$ Pittsburgh$*$ PA 15222,17042327,0,1
570,360395,360395,a20625,b1924,The Edinburgh Larder,Edinburgh,EH1 1NB,156,55.949658,-3.1856137,4.5,15 Blackfriars Street,0,xbCNlp2vWixy2W1WsfGv8g,Edinburgh Larder Cafe,Edinburgh,EH1 1NB,80,55.950012,-3.186006,4.2,15 Blackfriars Street$*$ Old Town$*$ Edinburgh EH1 1NB,7601620,0,1
475,316024,316024,a133754,b590,Songbird Coffee & Tea House,Phoenix,85004,137,33.458999,-112.070481,4.5,214 E Roosevelt St,0,qaPSbg690KaX5av6xsSV4Q,Nobuo at Teeter House,Phoenix,85004,179,33.449564,-112.065674,4.0,622 East Adams Street$*$ Downtown$*$ Phoenix$*$ AZ 85004,17031944,0,0
572,360496,360496,a97796,b1976,Artisan Roast,Edinburgh,EH1 3RJ,134,55.95788251,-3.188867569,4.5,57 Broughton St,0,6P_ZHZ_moGR6siCHhRQ3uQ,Artisan Roast,Edinburgh,EH1 3RJ,72,55.95792778,-3.188880556,3.9,57 Broughton Street$*$ New Town$*$ Edinburgh EH1 3RJ,7600527,0,1
467,309257,309257,a61878,b2378,In-N-Out Burger,Las Vegas,89147,279,36.10064631,-115.3020415,4.5,9610 W Tropicana Ave,0,qG_WEgPa8MBo1dPUOkTMlw,In-N-Out Burger,Las Vegas,89147,277,36.100185,-115.302084,4.2,9610 W Tropicana Ave$*$ Las Vegas$*$ NV 89147,16981253,0,1
48,40956,40956,a90153,b2353,Fruition Las Vegas,Las Vegas,89119,46,36.11374676,-115.1382778,4.5,4139 S Maryland Pkwy,0,tuELRpI9dIKY7p59MMernw,Slice of Vegas,Las Vegas,89119,210,36.092089,-115.172992,4.3,3930 Las Vegas Boulevard S$*$ Las Vegas$*$ NV 89119,16982662,0,0
170,101307,101307,a40762,b1585,Mallorca Restaurant,Pittsburgh,15203,192,40.428215,-79.973327,3.5,2228 E Carson St,0,ODTI9W7fHMKNWZ3g8VcFUg,Emiliano's Mexican Restaurant & Bar,Pittsburgh,15203,758,40.427767,-79.968944,4.2,2557 E. Carson St$*$ Pittsburgh$*$ PA 15203,17041338,0,0
110,75208,75208,a36390,b469,Zander's Capitol Grill,Madison,53703,20,43.07502,-89.387246,2.5,118 State St,0,_GbNOc8E8i451vtHqIlk-A,Eldorado Grill,Madison,53703,211,43.0778,-89.3723,4.0,744 Williamson St$*$ Madison$*$ WI 53703,17502172,0,0
268,174688,174688,a76271,b2390,The Rita Suites,Las Vegas,89109,43,36.1300541,-115.1610773,2.0,344 E Desert Inn Rd,0,SUH0cMrRsysIu2hKqQQKBA,The Wynn Buffet,Las Vegas,89109,707,36.129444,-115.166111,4.1,3131 S Las Vegas Boulevard$*$ Las Vegas$*$ NV 89109,16977686,0,0
30,24860,24860,a23917,b592,Spinato's Pizzeria,Phoenix,85014,221,33.51700641,-112.0646513,4.0,5509 N 7th St,0,_mg5bYknpZgaWSfjQVmrJQ,Spinato's Pizza,Phoenix,85014,234,33.517438,-112.063844,4.0,5509 North 7th Street$*$ Midtown$*$ Phoenix$*$ AZ 85014,17029287,0,1
420,278602,278602,a2776,b2315,Lola's A Louisana Kitchen,Las Vegas,89102,811,36.158293,-115.1579886,4.0,241 W Charleston Blvd$*$ Ste 101,0,uWECX6-Uq9n8v5ipk9R29A,Lola's: A Louisiana Kitchen,Las Vegas,89102,856,36.158669,-115.156877,4.5,241 W Charleston Blvd Ste 101$*$ Las Vegas$*$ NV 89102,16981633,0,1
328,230666,230666,a101044,b387,Miss Brow,Charlotte,28202,6,35.2284099,-80.8426239,4.5,127 N Tryon St$*$ Ste 257,0,kf3Qfgq04NI9lYaOku18UA,Mimosa Grill,Charlotte,28202,370,35.225329,-80.845572,4.1,Two Wells Fargo Center$*$327 S Tryon Street$*$ Charlotte$*$ NC 28202,17147766,0,0
357,242516,242516,a17946,b1667,Caffe Bene,Champaign,61820,8,40.1106361,-88.2309392,4.0,524 E Green St,0,BcrFZDyviqw_wF9oQQ5qVA,Cafe Kopi,Champaign,61820,78,40.1166,-88.2427,3.7,109 N Walnut St$*$ Champaign$*$ IL 61820,17317246,0,0
315,221824,221824,a20427,b459,Angelo's,Monona,53716,22,43.0567319,-89.326138,3.0,5801 Monona Dr,0,OTDogJk9hVcM0oT_ia_09g,Angelo's,Madison,53716,146,43.0567319,-89.326138,4.0,5801 Monona Dr$*$ Madison$*$ WI 53716,17502928,0,1
313,219378,219378,a53755,b325,South Beach Tanning Company,Charlotte,28209,11,35.165441,-80.849993,4.0,4805 Park Rd$*$ Ste 105,0,K7YAT4rPKXPed_5xyBwBSw,Roasting Company,Charlotte,28209,511,35.170767,-80.849556,4.4,1521 Montford Drive$*$ Charlotte$*$ NC 28209,17148071,0,0
263,173352,173352,a75916,b2356,Olives,Las Vegas,89109,1543,36.111978,-115.17698,4.0,3600 S Las Vegas Blvd,0,QJR4qBUHegWEozSQrGmBPw,Olives,Las Vegas,89109,630,36.111712,-115.17534,4.2,3600 Las Vegas Boulevard S$*$ Las Vegas$*$ NV 89109,16979590,0,1
581,360892,360892,a59516,b1805,La Cascina,Toronto,M5M 3X5,15,43.7233683,-79.416217,4.0,1552 Ave Rd,0,KkRUprt06Jg8ANLIQLPijQ,La Cascina,GTA,M5M 3X5,102,43.7233,-79.416282,4.9,1552 Avenue Road$*$ North York$*$ ON M5M 3X5,8904217,0,1
124,77999,77999,a42870,b430,Square Wine Co,Madison,53703,26,43.075907,-89.383048,5.0,5 N Pinckney St,0,ADn5O4AEid21nYmNDtsRLw,Sardine,Madison,53703,457,43.0761,-89.3751,4.2,617 Williamson St$*$ Madison$*$ WI 53703,17502592,0,0
584,360935,360935,a91537,b650,GaNaDaRa,Montral,H3H 1J9,214,45.493665,-73.581297,4.0,1862 Boulevard de Maisonneuve,0,3f0-EXRF0oy6NDsFh9TJKA,GaNaDaRa,Montreal,H3H 1J9,539,45.4936971,-73.5813897,4.3,1862 Boul De Maisonneuve$*$ Montreal$*$ QC H3H 1J9,16639663,0,1
397,263874,263874,a84267,b1687,Chipotle Mexican Grill,Champaign,61820,65,40.11037478,-88.23069222,3.0,528 E Green St$*$ Ste 101,0,kUICYu0N_TbtCz0Z8ynPFw,Guido's Bar & Grill,Champaign,61820,98,40.118127,-88.243564,3.6,2 E Main St$*$ Champaign$*$ IL 61820,17317320,0,0
132,83148,83148,a79323,b432,Nick's Restaurant,Madison,53703,67,43.0750082,-89.3891551,3.5,226 State St,0,zERyZLsAyB47bMZlfUV-SQ,L'Etoile Restaurant,Madison,53703,334,43.075786,-89.383231,4.2,1 South Pinckney Street$*$ Madison$*$ WI 53703,17503345,0,0
492,329380,329380,a120927,b2380,Kabuto,Las Vegas,89146,427,36.126922,-115.210022,4.5,5040 Spring Mountain Rd$*$ Ste 4,0,wWuGa3OOQJro_XGe-GKBXA,Kabuto,Las Vegas,89146,135,36.1261823,-115.2103817,4.2,5040 W. Spring Mountain Rd.$*$ Ste. 4$*$ Las Vegas$*$ NV 89146,16982664,0,1
203,124777,124777,a882,b2386,Monte Carlo Hotel And Casino,Las Vegas,89109,2080,36.1051256,-115.1752326,3.0,3770 Las Vegas Blvd S,0,5iSmZO0SrKU6EoXK_1M8Kw,Andre's Restaurant - Monte Carlo Resort and Casino,Las Vegas,89109,115,36.1045,-115.175556,4.2,Monte Carlo Resort and Casino$*$ 3770 Las Vegas Boulevard South$*$ The Strip$*$ Las Vegas$*$ NV 89109,16977392,0,0
431,287775,287775,a4156,b3509,Tremont Athletic Club,Cleveland,44113,13,41.48040314,-81.69598187,5.0,2306 W 17th St,0,RHdhm5BGh06hjDFOGRm8Yg,Tremont Tap House,Cleveland,44113,1017,41.47693,-81.695262,4.6,2572 Scranton Rd$*$ Cleveland$*$ OH 44113,16963455,0,0
592,361075,361075,a119637,b1804,Lamanna's Bakery,Scarborough,M1B 1G8,91,43.7984668,-79.1482168,4.0,6758 Kingston Road,0,_4noxz6NM0gBeVhZ58Emtg,Lamanna's Bakery,GTA,M1B 1G8,617,43.797894,-79.148453,4.9,6758 Kingston Road$*$ Scarborough M1B 1G8,8900844,0,1
496,330473,330473,a45465,b574,Papa John's Pizza,Phoenix,85021,16,33.553457,-112.098337,3.5,1810 W Northern Ave,0,5_PpFtjeLq1seO84SapJWw,Raffaele Pizza,Phoenix,85021,164,33.539049,-112.099434,4.1,7019 N 19th Ave$*$ Phoenix$*$ AZ 85021,17028719,0,0
599,361148,361148,a116193,b1860,Frank's Pizza House Restaurant,Toronto,M6E 1C4,63,43.6768656,-79.4492976,3.5,1352 St Clair Avenue W,0,W8Rv62fsDCbDp0L-Vl1NFg,Frank's Pizza House,Toronto,M6E 1C4,291,43.67672222,-79.44933333,4.5,1352 St. Clair Avenue West$*$ Toronto$*$ ON M6E 1C4,8908418,0,1
221,137193,137193,a14331,b2337,Joe's Seafood Prime Steak & Stone Crab,Las Vegas,89109,1691,36.11864532,-115.1736291,4.5,The Forum Shop At Caesars Palace$*$ 3500 Las Vegas Blvd S$*$ Ste R-05,0,I6EDDi4-Eq_XlFghcDCUhw,Joe's Seafood$*$ Prime Steak & Stone Crab,Las Vegas,89109,730,36.116111,-115.1744,4.3,3500 Las Vegas Boulevard S$*$ Las Vegas$*$ NV 89109,16978884,0,1
166,96187,96187,a112468,b2346,Vape City,Las Vegas,89145,26,36.1597889,-115.2452232,4.0,1025 S Rainbow Blvd,0,dKh_zKhqTgBbPC6T_ezhXg,Bagel Cafe,Las Vegas,89145,379,36.176043,-115.260161,4.3,301 North Buffalo Drive$*$ Summerlin$*$ Las Vegas$*$ NV 89145,16977466,0,0
231,147049,147049,a44599,b2307,Bouchon Bakery at the Venetian Theater,Las Vegas,89109,41,36.1214517,-115.1696112,4.0,3355 Las Vegas Blvd S$*$ Venetian Theater$*$ Sports Book and Clock Tower,0,3uC7Lbc3RgUDTWQlBu4PqQ,Bouchon Bistro - The Venetian,Las Vegas,89109,1167,36.121,-115.1702,4.6,The Venetian$*$ 3355 Las Vegas Boulevard South$*$ The Strip$*$ Las Vegas$*$ NV 89109,16977639,0,1
574,360507,360507,a51878,b1946,Underdogs,Edinburgh,EH2 1DR,8,55.9544628,-3.1980227,3.5,104 Hanover Street,0,JMEkPlKTUSzDrnz1bTB1eg,The Dogs,Edinburgh,EH2 1DR,141,55.95448333,-3.197813889,4.0,110 Hanover Street$*$ New Town$*$ Edinburgh EH2 1DR,7600373,0,1
137,85068,85068,a104063,b446,Maharani Restaurant,Madison,53703,169,43.0719143,-89.389124,3.5,380 W Washington Ave,0,FMMNajth88mWX76QVp6N9Q,Kabul Afghanistan Restaurant,Madison,53703,278,43.0747,-89.3943,4.1,540 State St$*$ Madison$*$ WI 53703,17502314,0,0
340,237088,237088,a66668,b309,Vietnam Grille,Charlotte,28217,294,35.15982556,-80.87580254,4.0,5615 South Blvd,0,s6lTNO57vXsfzyYrPfXOvA,Vietnam Grille,Charlotte,28217,749,35.159533,-80.876005,4.6,5615 South Boulevard$*$ Charlotte$*$ NC 28217,17149667,0,1
116,76713,76713,a41608,b432,Casbah Restaurant,Madison,53703,16,43.0749931,-89.3811037,3.0,119 E Main St,0,TAetQMOQ0MCHAZ4hacJrPQ,L'Etoile Restaurant,Madison,53703,334,43.075786,-89.383231,4.2,1 South Pinckney Street$*$ Madison$*$ WI 53703,17503345,0,0
442,294791,294791,a7763,b320,Midwood Flower Shop,Charlotte,28205,12,35.2196139,-80.8008909,4.0,2415 Central Ave,0,Iqa63jYzUBPXNjZcc4IaNA,Midwood Smokehouse,Charlotte,28205,582,35.220746,-80.815072,4.4,1401 Central Avenue$*$ Charlotte$*$ NC 28205,17150362,0,1
52,42273,42273,a107472,b2358,Bar Code,Las Vegas,89119,27,36.11490549,-115.1318219,4.5,1590 E Flamingo Rd,0,c5N-XCk-ntpyYRsYkwH7kA,Yard House,Las Vegas,89119,488,36.0682346,-115.1758636,4.2,6593 S Las Vegas Boulevard$*$ Las Vegas$*$ NV 89119,16980971,0,0
331,232359,232359,a89694,b2377,Fausto's Mexican Grill 3,Henderson,89015,102,36.013105,-114.963638,4.0,595 College Dr,0,HpK1ILGUm5W129toiRSsXw,Fausto's Mexican Grill,Las Vegas,89015,422,36.013114,-114.963469,4.2,595 College Dr$*$ Henderson$*$ NV 89015,16978376,0,0
271,177144,177144,a76976,b2396,Battista's Hole In the Wall,Las Vegas,89109,813,36.115471,-115.1679198,3.5,4041 Linq Ln,0,yNVcnSaMSrTmjJBMrHTy9w,Battista's Hole in the Wall,Las Vegas,89109,587,36.114988,-115.168072,4.1,4041 Linq Lane$*$ The Strip$*$ Las Vegas$*$ NV 89109,16977523,0,1
9,12099,12099,a130997,b314,Bad Daddy's Burger Bar,Charlotte,28277,248,35.05277023,-80.84741245,4.0,15105 John J Delaney Dr$*$ Ste A,0,YXa0A7aXV9wWNR0qJVVSDg,Bad Daddy's,Charlotte,28277,865,35.0537776,-80.8467812,4.5,15105 John J Delaney Drive$*$ Charlotte$*$ NC 28277,17149790,0,1
13,14761,14761,a27676,b336,1100 South,Charlotte,28203,7,35.2177876,-80.8505244,3.5,1100 South Blvd,0,yEWw0xIYQ_CCikn9Ob480A,300 East,Charlotte,28203,617,35.210862,-80.856527,4.3,300 East Boulevard$*$ Charlotte$*$ NC 28203,17146635,0,0
459,305034,305034,a96675,b3528,The Rail,Fairlawn,44333,186,41.13416415,-81.61744812,4.0,3265 W Market St,0,I1qRb4qqQRly7NhIOCkk_Q,The Rail,Cleveland,44333,413,41.132669,-81.618956,4.4,3265 W Market Street$*$ Akron$*$ OH 44333,16965026,0,1
153,89227,89227,a139875,b447,Crandall's Peruvian Restaurant & Catering,Madison,53703,34,43.074922,-89.39103,3.5,334 State St,0,lUBlgJ-rDDdwpi6d38L2tg,Bandung Indonesian Restaurant,Madison,53703,262,43.0763,-89.3756,4.1,600 Williamson St$*$ Madison$*$ WI 53703,17501972,0,0
540,355529,355529,a47277,b594,Two Hippies Beach House,Phoenix,85012,317,33.5089964,-112.0670039,4.0,501 E Camelback Rd,0,W537pidoTVQmn9x1GPpxgA,Two Hippies Beach House,Phoenix,85012,273,33.509176,-112.067043,4.0,501 East Camelback Road$*$ Midtown$*$ Phoenix$*$ AZ 85012,17030527,0,1
61,46427,46427,a29781,b419,Pizza Bella,Madison,53711,7,43.0676374,-89.4105418,1.5,1437 Regent St,0,dK7sFWvfEQ0Anuz7ch4t8A,Pizza Brutta,Madison,53711,297,43.065207,-89.416452,4.3,1805 Monroe St$*$ Madison$*$ WI 53711,17503392,0,0
505,336891,336891,a114078,b421,Cafe La Bellitalia,Madison,53704,83,43.11131426,-89.36401758,4.0,1026 N Sherman Ave,0,oglIZt5mg2nErhpTH_AakQ,Cafe La Bellitalia,Madison,53704,348,43.1102,-89.364,4.3,1026 N Sherman Ave$*$ Madison$*$ WI 53704,17502040,0,1
311,217568,217568,a140193,b2395,Caonita,Las Vegas,89109,513,36.121876,-115.168764,3.5,3377 South Las Vegas Blvd,0,BEplfZTUzYwApjMUaOA12w,Craftsteak,Las Vegas,89109,723,36.10222,-115.169516,4.1,3799 Las Vegas Boulevard S$*$ Las Vegas$*$ NV 89109,16978079,0,0
477,316463,316463,a135869,b587,Phoenix Theatre,Phoenix,85004,57,33.4663026,-112.0721778,4.0,100 E McDowell Rd,0,uYAR5Z9Y5WkY4X2YZ258TA,Phoenix Public Market Cafe,Phoenix,85004,113,33.4555828,-112.0736239,4.0,14 East Pierce Street$*$ Downtown$*$ Phoenix$*$ AZ 85004,17033807,0,0
79,59339,59339,a46894,b1512,Mahoney's Restaurant,Pittsburgh,15222,31,40.4436238,-79.9963285,2.5,949 Liberty Ave,0,Ei4voH2C7JgCyFmABY_CfA,Wholey's Fish Market,Pittsburgh,15222,1034,40.449952,-79.985985,4.6,1711 Penn Ave$*$ Pittsburgh$*$ PA 15222,17037681,0,0
562,359678,359678,a53138,b3518,Kiflis Restaurant & Bakery,Cuyahoga Falls,44223,12,41.134883,-81.508901,4.5,2018 State Rd,0,BCtYzeziGDflyzvAzPaMmg,The Blue Door Cafe & Bakery,Cleveland,44223,587,41.133978,-81.508674,4.5,1970 State Road$*$ Cuyahoga Falls$*$ OH 44223,16964898,0,0
433,289526,289526,a54971,b3520,Charkha Exotic Indian Cuisine,Cleveland,44113,43,41.499746,-81.700714,4.0,1265 W 9th St,0,gw0ZS5b5RP3Lzr1BoCbALg,Banana Blossom Thai Cuisine,Cleveland,44113,323,41.48884,-81.708997,4.5,2800 Clinton Ave$*$ Cleveland$*$ OH 44113,16964822,0,0
281,192912,192912,a85735,b2336,The Comedy Stop,Las Vegas,89109,10,36.099777,-115.1725943,4.0,Tropicana Hotel & Casino$*$ 3801 Las Vegas Blvd S,0,U0DHjuARwb_DOsOYPbM-wQ,The Cheesecake Factory,Las Vegas,89109,352,36.1179352,-115.1748371,4.3,3500 S Las Vegas Blvd$*$ Las Vegas$*$ NV 89109,16977880,0,0
250,162528,162528,a67050,b2327,Spago,Las Vegas,89109,944,36.11909409,-115.1770096,4.0,The Forum Shops At Caesars$*$ 3500 Las Vegas Blvd S$*$ Ste G1,0,LwQB9H3jZ9wTk24Lr-AnZQ,Spago,Las Vegas,89109,513,36.116111,-115.1744,4.4,3500 Las Vegas Boulevard S$*$ Las Vegas$*$ NV 89109,16980318,0,1
246,160615,160615,a64648,b2361,CRSVR Sneaker Boutique,Las Vegas,89109,29,36.109476,-115.173994,3.0,The Cosmopolitan Hotel$*$ 3708 S Las Vegas Blvd$*$ 2nd Fl,0,JgxPA53z3g3lk50PK_ueEA,SW Steakhouse,Las Vegas,89109,314,36.129444,-115.166111,4.2,3131 S Las Vegas Blvd$*$ Las Vegas$*$ NV 89109,16980119,0,0
163,95717,95717,a33615,b2346,The Crpe,Las Vegas,89145,179,36.1671901,-115.2855925,3.5,420 S Rampart Blvd$*$ Ste 150,0,9Rs7n2LbINBN8kLbScjhmA,Bagel Cafe,Las Vegas,89145,379,36.176043,-115.260161,4.3,301 North Buffalo Drive$*$ Summerlin$*$ Las Vegas$*$ NV 89145,16977466,0,0
122,77714,77714,a42583,b456,Chautara Restaurant,Madison,53703,52,43.0748088,-89.3910219,3.5,334 State St,0,RJdV7djZZeH3jJadPhgVvw,Lao Laan-Xang Restaurant,Madison,53703,198,43.0827,-89.3654,4.1,1146 Williamson St$*$ Madison$*$ WI 53703,17502331,0,0
381,254850,254850,a41977,b1629,Sushi Kame,Champaign,61820,120,40.1185309,-88.2448027,3.5,132 W. Church St,0,0-WocGTpO3Zm4q1Zzz49Rw,Sushi Kame,Champaign,61820,127,40.1184,-88.2442,4.0,132 W Church St$*$ Champaign$*$ IL 61820,17317469,0,1
144,86978,86978,a110208,b440,Gap,Madison,53703,3,43.074701,-89.391395,3.0,341 State St,0,pdYxpGt67hN31DAkKszI8Q,Graze,Madison,53703,469,43.075444,-89.382871,4.1,1 S Pinckney Street$*$ Madison$*$ WI 53703,17503559,0,0
490,327200,327200,a144012,b501,The Vault Cafe,Phoenix,85016,3,33.5251019,-112.028596,3.5,6001 N 24th St,0,nQlMWmJ-Zp3Zcpr4wZoVcw,The Parlor Pizzeria,Phoenix,85016,734,33.509371,-112.040769,4.9,1916 East Camelback Road$*$ AZ 85016,17030960,0,0
276,185939,185939,a81477,b2314,Breeze Cafe,Las Vegas,89109,17,36.10675956,-115.1776744,3.0,ARIA Resort and Casino$*$ 3730 Las Vegas Blvd S,0,PitHcnxTKCANz1VYwVtWkg,Grand Lux Cafe,Las Vegas,89109,1022,36.121,-115.1702,4.5,3355 Las Vegas Boulevard S$*$ Las Vegas$*$ NV 89109,16978572,0,0
526,350621,350621,a109528,b1646,Mens Wearhouse,Champaign,61822,3,40.14471274,-88.25622677,4.5,726 W Town Ctr,0,vVfkmCB3hCRawODf8fAc6g,Alexander's Steakhouse,Champaign,61822,147,40.136,-88.2456,3.8,202 W Anthony Dr$*$ Champaign$*$ IL 61822,17317205,0,0
98,69398,69398,a15112,b456,Jamerica Caribbean Restaurant,Madison,53703,51,43.0841543,-89.3633455,3.5,1236 Williamson St,0,rECtpzeqtOdR5gIWiXoGfQ,Lao Laan-Xang Restaurant,Madison,53703,198,43.0827,-89.3654,4.1,1146 Williamson St$*$ Madison$*$ WI 53703,17502331,0,0
28,24554,24554,a5302,b592,King Solomon's Pizza,Phoenix,85014,16,33.5080653,-112.065452,4.5,4810 N 7th St,0,HCsceGqc3Y3SiUxcpzNuDA,Spinato's Pizza,Phoenix,85014,234,33.517438,-112.063844,4.0,5509 North 7th Street$*$ Midtown$*$ Phoenix$*$ AZ 85014,17029287,0,0
349,239311,239311,a8364,b1650,Sam's Cafe,Champaign,61820,84,40.1169853,-88.2427068,4.0,115 N Walnut St,0,Gvox18F9QxsSS9qG2O8E-A,Za's Italian Cafe,Champaign,61820,138,40.140043,-88.245383,3.8,1905 N Neil St$*$ Champaign$*$ IL 61820,17317782,0,0
3,3161,3161,a115302,b304,Teriyaki Madness,Charlotte,28262,16,35.3402728,-80.7649282,3.5,2700 West Mallard Creek Church Rd$*$ Ste 420,0,SYJq8ydGY9oStzpVuHu3uw,Toyama Express,Charlotte,28262,560,35.337772,-80.756986,4.7,2130 E Arbors Drive$*$ Charlotte$*$ NC 28262,17148399,0,0
392,261402,261402,a72397,b1631,One World Pizza,Champaign,61820,13,40.110827,-88.231612,3.5,$*$ 508 E Green St,0,o-xFcSeSycAfqplklC222Q,Amano's Pizza,Champaign,61820,109,40.0995658,-88.2443819,4.0,1407 South Neil Street$*$ Champaign$*$ IL 61820,17318036,0,0
585,360937,360937,a46016,b1978,Fishers,Edinburgh,EH6 6QW,30,55.9775198,-3.1689022,4.5,1 Shore,0,pv4S2yOiWqH6AdFqzosZpw,Fishers,Edinburgh,EH6 6QW,99,55.9776,-3.169036111,3.9,1 Shore$*$ Leith$*$ Edinburgh EH6 6QW,7600138,0,1
289,201152,201152,a93853,b2394,THE Steak House,Las Vegas,89109,471,36.137041,-115.164611,4.0,2880 S Las Vegas Blvd,0,bSY97kgQpJ5BrpgW40V1qg,Delmonico Steakhouse,Las Vegas,89109,714,36.121,-115.1702,4.1,3355 Las Vegas Boulevard S$*$ Las Vegas$*$ NV 89109,16978142,0,0
55,44381,44381,a124908,b2305,Aureole,Las Vegas,89119,599,36.09256306,-115.1764154,3.5,3950 S Las Vegas Blvd,0,MqYYYNA-ZYvV-1w5qcmMoA,Firefly,Las Vegas,89119,1390,36.1199703,-115.1545992,4.7,3824 Paradise Rd$*$ Las Vegas$*$ NV 89119,16978406,0,0
249,161893,161893,a66602,b2313,Best Stripclub,Las Vegas,89109,3,36.1237084,-115.1703006,5.0,3565 South Las Vegas Blvd,0,lyWSsBblPyqYAzQuBEGKNg,Mesa Grill,Las Vegas,89109,1410,36.116111,-115.1744,4.5,3570 Las Vegas Boulevard S$*$ Las Vegas$*$ NV 89109,16979381,0,0
227,143083,143083,a33337,b2390,The Buffalo,Las Vegas,89109,23,36.10535527,-115.1506206,3.5,4640 Paradise Rd$*$ Ste 11,0,PQQQKu5lD8F0Rg9MxrGcgQ,The Wynn Buffet,Las Vegas,89109,707,36.129444,-115.166111,4.1,3131 S Las Vegas Boulevard$*$ Las Vegas$*$ NV 89109,16977686,0,0
275,184433,184433,a80649,b2313,Pearl,Las Vegas,89109,123,36.1033743,-115.1693962,3.5,MGM Grand$*$ 3799 Las Vegas Blvd S,0,KOPittXGiS_CpoAYdPpqGQ,Mesa Grill,Las Vegas,89109,1410,36.116111,-115.1744,4.5,3570 Las Vegas Boulevard S$*$ Las Vegas$*$ NV 89109,16979381,0,0
528,351316,351316,a49544,b306,Yorkmont Cafe,Charlotte,28208,18,35.1902768,-80.9304829,3.0,2925 Yorkmont Rd,0,t31AKJ_LVLx_NoT9WTy8cQ,Savor Cafe,Charlotte,28208,424,35.229155,-80.863995,4.7,1404 W Morehead Street$*$ Charlotte$*$ NC 28208,17149806,0,0
286,197333,197333,a88857,b2390,The Mayan Club,Las Vegas,89109,9,36.1387458,-115.1379559,3.0,2797 S Maryland Pwy,0,VXWCXy_wYgg5sbcz0kx_Qw,The Wynn Buffet,Las Vegas,89109,707,36.129444,-115.166111,4.1,3131 S Las Vegas Boulevard$*$ Las Vegas$*$ NV 89109,16977686,0,0
212,130868,130868,a7203,b2390,The Cafe,Las Vegas,89109,11,36.1272493,-115.1667018,2.5,198 Wynn Main Gate Dr,0,RZZldj8WHNkgxuOkKnAfDA,The Wynn Buffet,Las Vegas,89109,707,36.129444,-115.166111,4.1,3131 S Las Vegas Boulevard$*$ Las Vegas$*$ NV 89109,16977686,0,0
220,137106,137106,a14328,b2399,Buca di Beppo Italian Restaurant,Las Vegas,89109,69,36.1142773,-115.1709763,3.0,3645 Las Vegas Blvd S,0,2O_b-IAAW7SoPt__RX1Kww,Eiffel Tower Restaurant,Las Vegas,89109,420,36.1125,-115.172222,4.1,3655 South Las Vegas Boulevard$*$ The Strip$*$ Las Vegas$*$ NV 89109,16978254,0,0
416,277052,277052,a32268,b484,Gus's Diner,Sun Prairie,53590,63,43.1891092,-89.2777098,3.5,630 N Westmount Dr,0,lzRlrIWuQmHVWU4zV6yZUw,Anna's Pizzeria,Madison,53590,166,43.178,-89.2403,4.0,1609 W Main St$*$ Sun Prairie$*$ WI 53590,17503153,0,0
107,73387,73387,a30917,b447,Kabul Restaurant,Madison,53703,142,43.075131,-89.394445,3.5,540 State St,0,IsADZMYEJKXTtPfN9YsiBA,Bandung Indonesian Restaurant,Madison,53703,262,43.0763,-89.3756,4.1,600 Williamson St$*$ Madison$*$ WI 53703,17501972,0,0
504,336559,336559,a99652,b450,The Green Owl,Madison,53704,201,43.0922989,-89.355528,4.0,1970 Atwood Ave,0,aUrOyWFKxKeVXiFzwbTXSA,The Green Owl Cafe,Madison,53704,239,43.092247,-89.35551,4.1,1970 Atwood Ave$*$ Madison$*$ WI 53704,17503468,0,1
330,232050,232050,a140832,b387,Little Village Grill,Charlotte,28202,133,35.232204,-80.848589,4.5,710 W Trade St$*$ Ste G,0,IIUK1lz_1upqYtHu8ZuClA,Mimosa Grill,Charlotte,28202,370,35.225329,-80.845572,4.1,Two Wells Fargo Center$*$327 S Tryon Street$*$ Charlotte$*$ NC 28202,17147766,0,0
414,277014,277014,a24816,b484,Marco's Pizza,Sun Prairie,53590,13,43.1874771,-89.226693,3.5,804 Windsor St,0,P_PCpidHJQksW2-ufqoz4w,Anna's Pizzeria,Madison,53590,166,43.178,-89.2403,4.0,1609 W Main St$*$ Sun Prairie$*$ WI 53590,17503153,0,0
24,23726,23726,a28555,b3586,Wendy's,Stow,44224,6,41.2017402,-81.4397075,1.0,5025 Darrow Rd,0,7vqsCTpH_QFomi0Q_URf2w,Swenson's,Cleveland,44224,294,41.155145,-81.400499,4.2,4466 Kent Rd$*$ Stow$*$ OH 44224,16962983,0,0
394,262610,262610,a77342,b1648,Basmati Indian Cuisine,Champaign,61820,4,40.114132,-88.238369,2.5,302 S 1st St,0,7U7uLS9YjjhBM1SoyNH30w,Bombay Indian Grill,Champaign,61820,140,40.1102,-88.2334,3.8,403 E Green St$*$ Champaign$*$ IL 61820,17317233,0,0
571,360410,360410,a99375,b1877,Bar Raval,Toronto,M6G 1A4,133,43.65594385,-79.41009969,4.0,505 College Street,0,41o1FUbCYKJv2djtnlkzlg,Bar Raval,Toronto,M6G 1A4,115,43.655826,-79.409945,4.4,505 College Street$*$ Toronto$*$ ON M6G 1A4,16500051,0,1
182,110534,110534,a62729,b584,Tryst Cafe,Phoenix,85050,440,33.677854,-111.978579,3.5,21050 N Tatum Blvd,0,2DmTw0k3bcXuHdAyxO_bkw,Tryst Cafe,Phoenix,85050,223,33.678139,-111.977666,4.0,21050 North Tatum Boulevard$*$ AZ 85050,17032211,0,1
366,248720,248720,a31008,b1675,Crepe Cafe,Champaign,61820,4,40.109986,-88.233777,3.0,313 E Green St$*$ Ste 5,0,zV_aclADLjx2KOql9F_FTw,Aroma Cafe,Champaign,61820,57,40.117,-88.2433,3.6,118 N Neil St$*$ Champaign$*$ IL 61820,17317211,0,0
324,229370,229370,a76124,b387,Great American Grill,Charlotte,28202,3,35.2207294,-80.8427865,4.5,508 E Martin Luther King Jr. Blvd,0,UwkhhEGeLtoQOT4A8WzAfg,Mimosa Grill,Charlotte,28202,370,35.225329,-80.845572,4.1,Two Wells Fargo Center$*$327 S Tryon Street$*$ Charlotte$*$ NC 28202,17147766,0,0
179,109439,109439,a25228,b3519,Rays Place,Kent,44240,134,41.1529909,-81.3589635,4.0,153 Franklin Ave,0,GdZ-Ryn9QzqV4glodYF6Jg,Ray's Place,Cleveland,44240,501,41.153612,-81.358598,4.5,135 Franklin Ave$*$ Kent$*$ OH 44240,16962469,0,1
482,321510,321510,a102602,b588,TEXAZ Grill,Phoenix,85016,424,33.523984,-112.04698,4.0,6003 N 16th St,0,6Iu4YDjAPrDRRrPCt_E2zA,TexAz Grill,Phoenix,85016,228,33.524011,-112.046982,4.0,6003 North 16th Street$*$ Phoenix$*$ AZ 85016,17029676,0,1
441,293729,293729,a128106,b3546,Dohar Meats,Cleveland,44113,12,41.484688,-81.703063,5.0,1979 W 25th St$*$ Stand F1-F2,0,KBeObet1-XcpLLh1RACV_g,Fat Cats,Cleveland,44113,498,41.4838,-81.687516,4.3,2061 W 10th St$*$ Cleveland$*$ OH 44113,16960439,0,0
578,360796,360796,a94551,b329,Long Creek Fish Fry,Dallas,28034,32,35.3044133,-81.1581376,4.0,1425 Lower Dallas Hwy,0,dUhYjBM3QHkPKV7Z63ottQ,Long Creek Fish Fry,Charlotte,28034,301,35.3053,-81.1579,4.4,1425 Lower Dallas Highway$*$ NC 28034,17148684,0,1
465,307592,307592,a91602,b1673,J.Y. Chang's,Urbana,61801,3,40.1006132,-88.2191444,5.0,901 W. Pennsylvania Ave.,0,zLTacjiwYO-_ivAWkpjcIQ,J. Gumbo's,Champaign,61801,59,40.1069877,-88.2215122,3.7,700 S Gregory St Ste D$*$ Urbana$*$ IL 61801,17317946,0,0
498,332879,332879,a11586,b471,Zizo Cafe,Madison,53704,3,43.088836,-89.374657,4.0,1101 Sherman Ave,0,sPtBFklthW_Eq-SAAp068w,Bunky's Cafe,Madison,53704,207,43.093674,-89.346609,4.0,2425 Atwood Ave$*$ Madison$*$ WI 53704,17502026,0,0
2,2991,2991,a77320,b304,Hibachi Express,Charlotte,28262,5,35.297087,-80.755382,3.0,7945 N Tryon St$*$ Ste 100,0,UITPqkoDytnHT4kxaAyDeA,Toyama Express,Charlotte,28262,560,35.337772,-80.756986,4.7,2130 E Arbors Drive$*$ Charlotte$*$ NC 28262,17148399,0,0
